20000101_pr,20000201_pr,20000301_pr,20000401_pr,20000501_pr,20000601_pr,20000701_pr,20000801_pr,20000901_pr,20001001_pr,20001101_pr,20001201_pr,2000_pr,20200101_pr,20200201_pr,20200301_pr,20200401_pr,20200501_pr,20200601_pr,20200701_pr,20200801_pr,20200901_pr,20201001_pr,20201101_pr,20201201_pr,2020_pr,dpr,mpr,Id,fc,stable
13.38564894,10.83733562,8.902801601,30.60634648,13.31217839,29.8273299,25.94768439,12.4834191,13.8350486,15.19096627,11.12950257,13.22670097,198.6849628,7.666666667,7.148370497,5.735849057,10.02401372,14.03287593,13.29759863,15.76329331,7.779302459,12.63379074,7.540308748,7.919096627,6.117781589,115.658948,-83.02601487,157.1719554,24285,5,5
4.758847032,1.394121005,2.071347032,15.54052511,25.12328767,34.40239726,36.16124429,49.87642694,63.831621,12.40696347,1.466894977,0,247.0336758,2.182363014,3.781392694,5.723744292,17.07277397,18.63327626,36.26883562,21.46974886,54.18150685,30.7260274,11.86044521,6.688926941,0.333333333,208.9223744,-38.11130137,227.9780251,4786,5,6
7.666666667,6.611380798,7.500809061,20.29018339,16.16558792,32.69579288,28.63214671,15.94039914,14.07874865,25.16990291,6.117583603,8.285329018,189.1545307,3.80798274,3.808522114,8.874056095,17.95711974,16.9789644,17.13619202,15.57065804,14.22572816,11.33683927,9.915048544,8.618122977,4.160194175,132.3894283,-56.76510248,160.7719795,24737,5,7
2.622107969,1,1.10568409,6.988574693,7.746929449,26.72093688,28.232505,14.27392174,7.837189374,1.91459583,0.666666667,1.666666667,100.7757783,1.615252785,1.333333333,1.491859469,6.081690945,20.71693802,14.05455584,17.05484147,21.73321908,5.487860611,1.293916024,1,0,91.86346758,-8.912310768,96.31962296,19100,5,7
2.04002287,0,0,0.390508862,4.387935963,6.394797027,17.0191538,4.686392224,3.820182962,1.227272727,0.057175529,0,40.02344197,0.411949686,0.333333333,0.723842196,2.423670669,6.829616924,5.319611206,6.588336192,5.813607776,4.77672956,1.378787879,0,0,34.59948542,-5.423956547,37.31146369,13772,5,7
2.666666667,0,0.176806627,1.985147101,4.98400457,11.98714653,21.68494716,6.707797772,5.302485004,1.557269352,0.666666667,1.529562982,59.24850043,0.666666667,0.490145673,0.51013996,3.211082548,13.85832619,9.735789774,8.561553842,9.398171951,4.30305627,1.831476721,0,0.333333333,52.89974293,-6.348757498,56.07412168,14803,5,7
2.923670669,0.579188107,0.421955403,5.227844483,6.58862207,20.44339623,29.93682104,11.59919954,7.216409377,1.435391652,0.652086907,0.98542024,88.01000572,0.746712407,0.622927387,0.852773013,3.854488279,24.29902802,17.78930818,14.42052601,17.20268725,5.97084048,1.435391652,0.318753573,0,87.51343625,-0.496569468,87.76172098,16117,5,8
1.96372465,1.847472151,2.594687232,2.059411597,0.333333333,6.845758355,2.456441017,1,0.666666667,1.673236218,1.333333333,1.666666667,24.44073122,2.395029991,0.123107684,0.652670666,1.176806627,1.337332191,1.5795487,5.061982291,0.78977435,0.333333333,0.703798915,0.137103685,0,14.29048843,-10.15024279,19.36560983,21562,5,8
2,0,0,0.666666667,8.314449213,5.255221745,12.9193133,6.666666667,7.98111588,1,1.764806867,0,46.56824034,0.666666667,0.450357654,0.333333333,15.69327611,7.795135908,6.821173104,8.666666667,3.666666667,8.747353362,1,0.884692418,0,54.72532189,8.157081545,50.64678112,8991,5,9
21.50673129,12.48922994,14.36698977,33.32525579,31.92110932,32.1903608,44.67447496,32.06650512,15.15805062,31.57108239,25.74017232,27.62547119,322.6354335,12.42891761,12.5,11.6187399,18.49703823,20.9733441,33.50592353,41.70678514,25.32767905,31.33737211,21.32875606,20.47549812,12.40360797,262.1036618,-60.53177167,292.3695477,28470,5,11
2,0,0,0.659240217,6.731505284,3.161382462,11.71265353,6.333333333,6,0.333333333,0.216509569,0,37.14795773,0.666666667,1,0.333333333,13.10796915,4.005712654,6.666095401,4.84204513,1.666666667,6.411596687,0,0.108254784,0,38.80834047,1.660382748,37.9781491,6792,5,12
2.133276256,1,2.175799087,14.33361872,20.93921233,29.82248858,28.26369863,43.92522831,49.87271689,9.164954338,0.654680365,0,202.2856735,0.853310502,1.000570776,9.212328767,7.258847032,12.33789954,26.29394977,11.01484018,32.00941781,34.11815068,7.416666667,4.091038813,0.333333333,145.9403539,-56.34531963,174.1130137,7932,5,12
2.794062078,1.0634278,2.199460189,13.96815115,20.9022942,29.33333333,26.47098516,41.83346829,49.34547908,9.393252362,0.545209177,0,197.8491228,1.040215924,1.312010796,9.115249663,7.235897436,11.048583,25.81133603,9.392712551,29.5219973,32.4879892,7.249932524,4.537921727,0,138.7538462,-59.09527665,168.3014845,7619,5,14
19.94744359,14.06512425,9.236218223,32.37189374,29.80519851,29.98114824,32.37903456,18.1870894,17.14138817,52.44101685,18.26849472,24.17680663,298.0008569,10.50299914,18.88803199,16.83204799,20.90431305,13.35161382,17.04912882,13.58411882,24.3461868,14.24221651,20.45072836,16.70408455,12.56326764,199.4187375,-98.58211939,248.7097972,23712,5,15
1.666666667,0,0.333333333,3.333333333,4.666666667,18.88403313,24.00914025,9.713510426,4.666666667,0.666666667,0.333333333,2,70.27335047,0.333333333,0,0.409882891,1.6958012,9.860325621,10.6083976,16.91859469,15.58840331,4.253070551,0.666666667,0,0,60.33447586,-9.938874607,65.30391317,16439,5,15
2.716695254,1.036592338,0.666666667,5.419668382,16.71383648,31.9782733,34.45168668,27.05145798,39.11149228,8.286163522,1.816180675,2.859919954,172.1086335,1.335334477,0.851629503,1.333333333,8.26329331,19.66152087,25.25728988,14.81560892,39.2481418,36.08747856,4.594053745,1.666666667,1.175528874,154.2898799,-17.81875357,163.1992567,9233,5,15
2,0,0,0.666666667,8.087192682,5.442538593,13.86935392,6.349056604,8,1.074614065,2,0.117781589,47.60720412,0.666666667,0.333333333,0.333333333,14.77129788,6.789308176,6.866209262,8.989422527,3.665237278,8.376786735,0.72327044,0.666666667,0,52.1815323,4.574328188,49.89436821,9357,5,15
10.36075407,7.19851471,7.644387318,24.03684662,22.70351328,31.37246501,29.68751785,16.16909454,15.38874607,37.11882319,6.77377892,9.959725793,218.4141674,4.40874036,4.124535847,11.85689803,21.84747215,14.22193659,17.64981434,14.49900029,13.96515281,9.726649529,9.421879463,6.567266495,4.486718081,132.776064,-85.6381034,175.5951157,25034,5,17
7.838479131,5.666666667,5.172955975,16.96941109,14.54945683,29.29874214,27.49942824,14.09176672,10.90451687,20.01057747,5.789308176,7.725557461,165.5168668,2.967695826,3.650371641,9.10434534,8.559748428,13.88593482,10.63236135,15.22441395,10.30760435,9.038021727,6.118353345,5.242424242,3.574899943,98.30617496,-67.21069182,131.9115209,25677,5,20
2.742644959,0.997429306,0.666666667,5.87517852,6.006855184,23.21165381,26.45844045,11.98771779,5.998857469,1.581262496,0.664095973,1.666666667,87.85746929,0.926306769,0.760639817,1.606398172,3.493573265,19.21708083,14.21051128,17.28191945,20.39445873,4.905455584,1.286489574,0.333333333,0,84.41616681,-3.441302485,86.13681805,17951,5,20
5.14439946,0.94439946,1.121727395,4.075033738,8.688259109,11.68852901,27.42834008,10.84075574,8.323076923,4,2.333333333,3.333333333,87.92118758,1.077732794,1,1.681511471,7.33414305,10.96545209,8.694197031,11.88663968,12.91659919,8.568421053,4.006477733,1.270445344,0.666666667,70.0682861,-17.85290148,78.99473684,17004,5,21
1.638674664,0.916880891,1.329620109,6.017994859,8.08426164,31.71665239,27.7526421,14.17537846,7.510425593,1.686375321,0.500142816,2,103.3290488,1.604970009,0.553841759,2.328477578,5.21879463,19.08626107,17.63581834,17.84718652,19.9423022,11.05055698,2.882319337,1.179091688,0.333333333,99.66295344,-3.666095401,101.4960011,20138,5,21
1.805668016,0.139271255,0.333333333,3.626450742,5.686639676,18.36194332,28.71309042,10.85182186,6.472604588,1.333333333,0.402968961,0.736302294,78.4634278,0.333333333,0.402968961,0.880701754,2.827530364,20.08043185,15.7900135,13.36734143,16.49878543,5.05074224,1.445614035,0.069635628,0,76.74709852,-1.716329285,77.60526316,15798,5,24
1.205655527,1,0.762639246,4.837189374,6.752927735,27.60896887,23.8706084,12.02570694,6.35646958,1,0.333333333,2,87.753499,0.981433876,0.324764353,1.197372179,3.981433876,20.66666667,15.04684376,17.08883176,18.48871751,8.715509854,2.215652671,0.705227078,0.333333333,89.74578692,1.992287918,88.74964296,19892,5,25
7.507718696,6.333333333,7.234991424,21.52372784,16.22155517,34.40451687,29.757004,17.09777015,14.17753002,22.69353917,5.761863922,7.666666667,190.3802173,4.978845054,3.666666667,8.22813036,19.54974271,16.94396798,20.01572327,16.03259005,13.52372784,11.49571184,9.168953688,9.358204688,3.863350486,136.8256146,-53.55460263,163.602916,24419,5,26
8.518741059,7.333333333,6.380257511,20.89613734,12.03118741,28.82260372,26.55793991,13.56881259,12.36995708,12.56881259,6.624320458,9.478969957,165.151073,5.493562232,3.764520744,4.58683834,8.816309013,14.41459227,10.6620887,14.51216023,11.81745351,10.63834049,5.928469242,5.549928469,4.284978541,100.4692418,-64.68183119,132.8101574,24442,5,27
1.666666667,0,0.333333333,3.333333333,4.666666667,19.34075978,24.21365324,10.12739217,4.782633533,0.907740646,0.333333333,2,71.70551271,0.333333333,0,0.333333333,1.706083976,10.48443302,11.58583262,16.41331048,16.91802342,4.293916024,0.994287346,0,0,63.06255356,-8.642959155,67.38403313,16438,5,29
1.414167381,0.333333333,0.333333333,2.972007998,3.20594116,14.88117681,11.34475864,4.539560126,1.666666667,0.345901171,0.227077978,0.850042845,42.11396744,0.622964867,0.302485004,2.333333333,2.485004284,14.12282205,5.511853756,10.45701228,2.836618109,1.605826907,0.691802342,0.927734933,0,41.89745787,-0.216509569,42.00571265,16459,5,29
3.043949772,3.740296804,3.180650685,16.65724886,47.03253425,69.84417808,52.49457763,70.76826484,81.85245434,19.53396119,5.985159817,0.635273973,374.7685502,1.583333333,2.686929224,6.120719178,23.35216895,37.83247717,61.93978311,57.62557078,54.14469178,53.12186073,14.18778539,4,0.411244292,317.0065639,-57.7619863,345.8875571,3396,5,29
1.894601542,1,1.378748929,5.375606969,7.173093402,27.9274493,24.61096829,11.93658955,6.391602399,1.333333333,0.666666667,2,91.68866038,1.249071694,0.137103685,2.46958012,4.118537561,21.204513,10.25821194,14.10825478,13.39045987,5.753213368,1.960582691,1.454155955,0.333333333,76.43701799,-15.25164239,84.06283919,20144,5,30
14.66666667,9.48869814,8.653218884,28.35879828,10.14477825,25.15221745,22.2148784,9.40944206,11.76051502,15.1230329,12.43061516,11.81573677,179.218598,6,6.097854077,4.846065808,6.691845494,10.88869814,11.63004292,15.64778255,9.249499285,10.97939914,8.756795422,9.310157368,4.81888412,104.9170243,-74.30157368,142.0678112,24465,5,31
1.666666667,0.333333333,0.333333333,3.333333333,3.871179663,18.40931163,20.04227364,8,3.666666667,0.775778349,0.333333333,2.333333333,63.09854327,0.333333333,0.270494145,1,1.353041988,6.946872322,8.59554413,18.18480434,10.90831191,3.140245644,0.775778349,0.333333333,0,51.8417595,-11.25678378,57.47015139,16752,5,31
1.839463929,0.884801825,1.296264614,5.367835757,7.816652409,29.8859424,26.63387511,13.30282293,7.203022526,1.630168235,0.333333333,2,98.19418306,1.754776162,0.343313373,2.082121471,4.441402908,19.80524665,16.24807528,17.74992871,19.06358711,10.1853436,2.428286285,0.666666667,0.333333333,95.10208155,-3.092101511,96.64813231,20139,5,31
1.932991161,1,1.405474765,5,7.847733105,28.89791845,25.76361563,12.91246079,6.908468777,1.337040205,0.333333333,2,95.33903621,1.69974337,0.319076133,1.932135729,4,21.35272313,15.49016253,17.95380667,18.54947248,9.21043627,2.209865982,0.676646707,0.333333333,93.72740234,-1.611633875,94.53321928,20140,5,31
21.44987147,11.2299343,12.55269923,25.6083976,26.12082262,30.13253356,40.03113396,30.48414739,13.66666667,25.36589546,23.71636675,26.03941731,286.3978863,11.45501285,11.50985433,9.596115396,13.72893459,16.84861468,30.61925164,38.16566695,25.63181948,29.54327335,16.70322765,18.50842616,11.20594116,233.5161382,-52.88174807,259.9570123,28429,5,32
13.62756849,8.333333333,7.968607306,18.63812785,15.65068493,22.53681507,20.72659817,16.51369863,9.278538813,18.08818493,19.30821918,16.75228311,187.4226598,6.333333333,10.14497717,6.853881279,7.134703196,12.50627854,16.86329909,15.0744863,10.95690639,16.63270548,13.27568493,13.0722032,7.892408676,136.7408676,-50.68179224,162.0817637,27308,5,34
14.31962296,8,7.167380748,16.88317624,16.6940874,21.37075121,24.89288775,22.84147386,8.431876607,16.37417881,17.49585833,19.55612682,194.0274207,6.176520994,8.52613539,5.459868609,5.416452442,13.6249643,24.30762639,21.41445301,29.10739789,22.63924593,10.34932876,13.62810626,8.375321337,169.0254213,-25.00199943,181.526421,28183,5,34
3,2.333333333,3.524543379,6.498573059,2.366723744,12.68521689,6.687785388,2.835616438,2.612442922,2.383561644,3.573915525,3,51.50171233,3.648401826,0,2.283675799,4.728025114,3.59760274,5.308504566,9.327054795,3.439497717,2.929223744,1.714041096,1.390410959,0.357876712,38.72431507,-12.77739726,45.1130137,21550,5,35
12.66666667,8.884120172,8,26.44549356,8.080400572,23.66666667,21.45207439,8.666666667,10.82546495,12.59570815,11.42632332,10.4148784,163.1244635,4.618025751,5.60944206,4.293276109,6.623175966,10.64177396,11.90443491,16.04005722,10.4695279,11.40400572,7.926466381,9.045779685,4.712446352,103.288412,-59.8360515,133.2064378,24300,5,37
2,0,0.333333333,2.778317152,2.608414239,12.71548004,8.473031284,3.666666667,1,0.333333333,0.333333333,0,34.24190939,0.443096009,0,3,1.137540453,8.859492988,2.6302589,7.300970874,2.251618123,2.57416397,0.666666667,1.65587918,0,30.51968716,-3.722222222,32.38079827,15841,5,40
1.666666667,0,0.333333333,3.333333333,4.798403194,19.79868834,25.1211862,10.00684346,5,1.010550328,0.333333333,2,73.40233818,0.333333333,0.158254919,0.333333333,1.827202737,11.78956373,12.39492444,16.66096379,17.20302253,4.484744796,1.171941831,0,0,66.35728543,-7.045052752,69.8798118,16437,5,40
1.545846818,0.427184466,0.509439051,4.666666667,5.666666667,22.18608414,29.80097087,12.79665588,6.895361381,1.333333333,0.518608414,1.990830636,88.33764833,0.703883495,0.333333333,0.545846818,3.696601942,20.5461165,17.0399137,19.00647249,19.41208198,5.675026969,1.333333333,0,0,88.29261057,-0.045037756,88.31512945,17044,5,40
15.54945683,10.50714694,7.01457976,25.86077759,26.22155517,29.9130932,32.85563179,19.4731275,15.67295597,40.96026301,13.60348771,18.26272156,255.894797,9.120354488,14.17095483,11.2595769,22.4616924,17.35391652,25.44739851,20.62035449,22.10034305,13.91680961,16.40165809,15.77215552,9.583476272,198.2086907,-57.68610635,227.0517439,23035,5,41
12.98025751,9.036337625,7.333333333,25.21430615,12.93705293,29,26.08011445,12.78054363,12.69098712,13.93276109,8.741630901,12.13075823,182.858083,7.650643777,5.370529328,5,8.286981402,14.66695279,13.35937053,16.53991416,10.48755365,13.17739628,6.054935622,6.113876967,5.666666667,112.3748212,-70.4832618,147.6164521,24450,5,42
2.956012568,0.855469866,0.720651243,5.529562982,5.864324479,22.51585261,25.46472436,11.35732648,5.864895744,1.476720937,0.530705513,1.666666667,84.80291345,0.835189946,0.567552128,1.723507569,3.042844901,18.00656955,13.59468723,17.58154813,19.72579263,4.650385604,1.286775207,0.333333333,0,81.34818623,-3.454727221,83.07554984,17952,5,44
1.333333333,0.333333333,0.240830636,1.881067961,2.752427184,14.50485437,13.36542611,4.666666667,2.178532902,0.333333333,0.322545847,0,41.91235167,0.907497303,0.294498382,0.963322546,0.951995685,7.648867314,5.988942826,12.02157497,2.666666667,1.333333333,0.666666667,0.322545847,0,33.76591154,-8.146440129,37.83913161,15826,5,45
13.41214575,9.666666667,9.418083671,31.68582996,10.97165992,28.24696356,24.29932524,10.31039136,12.64426451,14.49851552,11.9611336,11.67260459,188.7875843,6.001079622,5.88879892,5.800809717,9.378137652,14.52118758,15.36653171,15.12523617,11.25964912,12.23184885,9.588663968,9.683940621,5.312010796,120.1578947,-68.62968961,154.4727395,24126,5,46
4,0,0.195944016,1.333333333,8.836332476,6.34361611,14.18109112,8.046272494,9.666666667,1.57097972,2.005427021,1.338760354,57.51842331,1,0.862610683,0.495572694,10.78463296,6.663239075,10.64295915,6.618680377,5.348757498,8.795772636,1,0.804055984,0.42902028,53.44530134,-4.073121965,55.48186233,10458,5,48
2,1,0.666666667,3.989422527,1,10.35963408,2.783876501,3.825328759,2.477415666,4.210405946,0.887364208,0,33.20011435,1,0.04488279,0,0.232132647,8.32761578,3.584333905,5.35077187,1.669811321,1.592338479,2.175814751,1.130646083,0,25.10834763,-8.091766724,29.15423099,20949,5,52
2,0,0,0.666666667,7.535448828,6,15.02029731,6.666666667,7.499714122,1.278730703,1.666666667,1.333333333,49.6675243,0.666666667,0.666666667,0.049170955,7.828187536,6.041166381,5.299313894,9.046883934,4.024585477,8.716123499,1,0.71841052,0.666666667,44.7238422,-4.943682104,47.19568325,10834,5,53
2.507854899,1.073978863,1.018851757,5.081405313,7.030562696,25.65895458,24.84204513,12.24592973,6.804627249,1.454727221,0.519851471,1.968866038,90.20765496,1.357897744,1.196229649,1.800914025,4.017994859,19.17880606,11.1022565,15.22193659,15.9003142,3.843187661,0.912596401,0.584118823,0,75.1162525,-15.09140246,82.66195373,19103,5,56
2.047089041,2.205479452,2.230593607,3.069920091,0.687214612,8.151826484,3.512557078,1.39326484,1.036244292,1.532248858,1.730022831,1.628710046,29.22517123,1.783961187,0.137271689,0.369292237,1.492009132,2.321347032,1.954623288,6.91466895,1.16010274,0.448344749,0.485159817,0.298515982,0,17.3652968,-11.85987443,23.29523402,21564,5,58
2,0,0,1.067123679,8.723507569,6.53784633,15.94287346,7.111396744,8,1.333333333,2,1.333333333,54.04941445,0.666666667,0.427877749,0.312196515,9.095972579,7.585261354,6.473578977,8.834333048,4.842330763,8.212225079,1,0.725221365,0.666666667,48.84233076,-5.20708369,51.44587261,10832,5,58
15.1022565,9.33190517,11.66209654,30.29391602,35.68808912,46.59954299,42.80119966,20.99657241,17.87746358,38.96429592,15.51271065,17.39502999,302.2250785,8.348757498,12.00428449,16.18480434,21.43730363,28.39531562,33.80748358,24.41359612,33.53499,20.05112825,14.27306484,12.02370751,9.129677235,233.6041131,-68.62096544,267.9145958,26577,5,62
15.17909169,7.867180805,6.714652956,16.35618395,15.31362468,21.44187375,21.28734647,19.66666667,7,12.74435875,23.17652099,23.18194801,189.9294487,6.340759783,8.584690089,4.848043416,5.940874036,13.36589546,23.66952299,16.64552985,30.10539846,22.21479577,9.204798629,18.58383319,8.816623822,168.3207655,-21.60868323,179.1251071,28191,5,62
7.967152242,6.632390746,5.528420451,16.82405027,14.40217081,28.69608683,27.24364467,14.66666667,11.96343902,22.00428449,5.917452157,8.06940874,169.9151671,3.078263353,4.022564981,9.624678663,7.852042274,13.59211654,8.66809483,14.13996001,11.83119109,9.596401028,6.568409026,5.158240503,3.46529563,97.59725793,-72.31790917,133.7562125,25524,5,68
2.511720983,0,0,0.796455117,7.23670669,7.082046884,18,5.96483705,6.666666667,1.64436821,1.666666667,0.666666667,52.23613493,0.377930246,0.666666667,0.120068611,6.518867925,6.295597484,4.98056032,10.54316752,4.411092053,7.544025157,1,0.580617496,0.333333333,43.37192682,-8.864208119,47.80403087,11944,5,70
0.740740741,0.137875101,0.625304136,5.666666667,3.333333333,9.773722628,4.625304136,5.291970803,7,1.666666667,1.37037037,1.158421195,41.39037578,0.555555556,0.333333333,0.291970803,2.899972966,7.889699919,5.719383617,19.44092998,2.98621249,2.601243579,0.666666667,2.444444444,0.37037037,46.19978373,4.809407948,43.79507975,14624,5,71
2.340200286,0.333333333,1.921030043,4.812589413,5.628898426,12.36852647,8.508154506,6.289842632,12.43519313,2.522746781,2.584549356,4.654077253,64.39914163,1.030042918,0.333333333,1.239771102,4.776824034,12.63347639,9.12074392,11.80686695,3.539914163,9.543061516,0.333333333,1.984263233,1.392846924,57.73447783,-6.664663805,61.06680973,13959,5,76
11.22780027,8.148178138,7.243994602,26.78839406,6.82537112,22.24048583,20.58920378,7.835357625,10.4928475,13.19703104,10.44291498,8.666666667,153.6982456,3.82537112,4.598110661,4.032388664,8.387044534,12.34844804,12.17273954,16.1951417,11.47881242,14.12820513,7.700134953,9.103103914,4.179487179,108.1489879,-45.54925776,130.9236167,24138,5,77
8,5.901202749,4.719931271,15.98911798,13.99455899,28.28579611,26.11225659,14.30555556,10.77434135,19.604811,5.666666667,7.764604811,161.1188431,3.192153494,3.581042383,7.855383734,8.235681558,13.2545819,9.121993127,14.74971363,10.3382016,8.45532646,5.827319588,5.036368843,3.445303551,93.09306987,-68.0257732,127.1059565,25526,5,81
9.64640411,9.773687215,13.68692922,41.56678082,13.85873288,42.43093607,37.51398402,16.48144977,16.81621005,15.68207763,12.58076484,8.896689498,238.9346461,4.752853881,4.554223744,10.29166667,18.20890411,27.32049087,26.91923516,29.27340183,24.76398402,21.16923516,12.09874429,11.2739726,4.593321918,195.2200342,-43.71461187,217.0773402,23791,5,82
1.666666667,0,0,0,4,1.666666667,8.499142367,5.08376215,2.666666667,0.213264723,0,0.64922813,24.44539737,1,1,0.548885077,2.70268725,5.315894797,8.881646655,2.606918239,2,1.698399085,0,0,0.333333333,26.08776444,1.642367067,25.2665809,4121,5,83
8.666666667,7.204227364,5.979434447,20.03084833,12.57754927,28.63010568,26.16452442,13.04227364,11.47157955,12.35589831,6.603541845,9.984575835,162.7112254,5.666666667,3.646958012,4.764067409,8.126820908,15.69323051,9.447586404,13.4335904,11.79662953,9.83461868,5.33618966,5.470151385,3.682090831,96.8986004,-65.81262496,129.8049129,24918,6,6
1.666666667,0,0,0.61292167,5.338479131,2.363636364,9.338479131,6.123499142,4.333333333,0.333333333,0,0.829331046,30.93967982,1.210120069,0.333333333,0.528873642,7.147798742,5.767295597,8.029731275,4.115208691,2,2.244997141,0,0,0.652086907,32.0294454,1.08976558,31.48456261,5047,6,6
8,6.877177949,6.495001428,20.39502999,13.37446444,29.33933162,25.26878035,13.5812625,10.66666667,17.5052842,6.568409026,8.196800914,166.2682091,3.783204799,3.944587261,9.208797486,13.26935161,12.00199943,10.55127107,15.34247358,8.339617252,6.509854327,5.296772351,5.941730934,3.709225935,97.89888603,-68.36932305,132.0835476,25219,6,8
4.333333333,0,0,0.666666667,4.40131391,3.01599543,12.62667809,2.99257355,2.29134533,1.020565553,0,1.442159383,32.79063125,1.019708655,3.211653813,0.333333333,3.945444159,3.069694373,18.63467581,1.954013139,1.269351614,3.137103685,0.020565553,0,0.455012853,37.05055698,4.259925736,34.92059412,3049,6,8
2.333333333,0,0,0.666666667,7.081398682,6.323015191,16.76354256,5.513040986,6.432788765,1.314989968,0.117512181,0,46.54628833,0.551734021,0.588993981,0.17168243,7.026655202,4.068501003,4.390083118,11.28661508,3.297219834,7.37718544,1.022929206,0.047004872,0,39.82860418,-6.71768415,43.18744626,11210,6,11
2.868496284,1.333333333,1.717838765,12.94682676,23.95854774,30.58090337,30.42252716,44.13493425,55.23127501,10.65580332,1.333333333,0.251286449,215.4351058,1.581475129,2.117781589,5.035734706,13.53945111,16.16981132,35.56689537,11.57404231,41.63950829,30.6943968,11.03401944,4.76815323,0,173.7212693,-41.71383648,194.5781875,5253,6,13
3.21025641,3,2.633738192,14.25128205,41.56815115,59.41835358,45.40539811,62.85398111,72.04669366,17.40836707,6.155465587,0.561403509,328.5130904,1.70877193,1.835087719,4.768690958,19.57516869,32.66423752,53.11956815,43.05614035,44.52982456,47.83184885,13.22159244,4.077732794,0.504723347,266.8933873,-61.6197031,297.7032389,3612,6,14
8,6.666666667,7.009994598,21.77255538,14.62209616,30.91058887,25.38735818,13.72258239,11.33333333,17.12101567,6.25445705,9.333333333,172.1339816,4.997298757,3.657752566,8.707725554,16.39681253,15.5345759,12.85170178,13.6191248,10.15775257,6.967585089,6.549972988,6.733657482,4,110.17396,-61.96002161,141.1539708,24747,6,15
21.52615965,11.38915858,11.20118662,27.6113808,27.6092233,31.18473571,42.35868393,32.54395901,14.24217907,26.60814455,24.60409924,26.14967638,297.0285868,11.68473571,11.399137,9.242718447,14.51159655,18.43608414,32.40048544,41.90372168,26.90803668,30.10679612,18.7079288,19.98867314,11.2079288,246.4978425,-50.53074434,271.7632147,28473,6,15
1.646958012,0.333333333,0.333333333,3.256212511,3.138531848,14.93830334,11.31162525,4.328763211,1.651242502,0.456441017,0,1.887460726,43.28220508,0.529562982,0.312196515,2.428449015,2.609254499,14.62467866,5.307912025,9.944872893,2.787489289,1.651242502,0.795487004,1,0,41.99114539,-1.291059697,42.63667524,16460,6,15
2.973413379,0.549456832,0.467124071,4.353058891,6.244711264,19.50114351,29.84848485,11.54459691,6.949399657,2.157518582,0.60806175,1,86.1969697,0.722698685,0.60806175,0.685820469,3.560606061,23.55031447,14.97741567,16.07432819,17.08176101,5.765580332,2.32161235,0.274728416,0,85.62292739,-0.57404231,85.90994854,16115,6,16
3.421955403,2.333333333,1.313893654,8,23.9897084,31.16066324,20.175243,33.64379646,43.10434534,12.17409949,5.973985134,0.730989137,186.0220126,1.79616924,0.987707261,1.669811321,12.15037164,18.20497427,25.11463694,13.26014866,22.93367639,32.35591767,9.676386507,3.610920526,0.333333333,142.0940537,-43.92795883,164.0580332,4750,6,16
1.333333333,0,0,2.381522669,1.666666667,12.89136014,4.803250642,2.566010835,0.03421728,0.173367551,0,0,25.84972911,0.706016538,1.899344169,1,0.396920445,3.958368976,6.874536641,5.495865412,3.961220416,0,0.173367551,0,0,24.46564015,-1.384088965,25.15768463,5855,6,16
2,0,0,0.666666667,7.317610063,4.298170383,12.61749571,6.529445397,7.545454545,0.411663808,0.784448256,0,42.17095483,0.666666667,0.666666667,0.572612922,15.19411092,6.394797027,6.588336192,8.233847913,3.196112064,8.818181818,0.078330475,0.588336192,0,50.99799886,8.827044025,46.58447684,8305,6,17
1.666666667,0.257281553,0.419093851,3.428802589,5.504854369,18.99217907,27.87756203,10.36785329,5.722491909,1.333333333,0.333333333,0.666666667,76.57011866,0.333333333,0.333333333,0.504854369,2.583872708,18.53209277,17.27588997,12.58090615,15.24110032,4.531283711,1.419093851,0,0,73.33576052,-3.234358145,74.95293959,15801,6,22
1.484147386,0.526992288,0.581833762,4.365324193,5.992002285,21.43473293,28.32733505,11.6503856,6.30305627,1.333333333,0.581833762,1.918023422,84.49900029,0.367037989,0.333333333,0.83033419,3.465009997,20.06169666,16.40359897,15.99885747,18.28591831,5.323907455,1.333333333,0,0,82.40302771,-2.095972579,83.451014,16433,6,22
13.05979971,9.203147353,9.520457797,24.36623748,7.6472103,21.92989986,20.76480687,8.646924177,10.41344778,12.7925608,11.43147353,10,159.7759657,4.712446352,5.876108727,5.107010014,6.078683834,11.10529328,10.47153076,16.42317597,11.16909871,12.02918455,7.317310443,9.461802575,4.51130186,104.2629471,-55.5130186,132.0194564,24472,6,24
13.61244292,7.466324201,7.55793379,18.36272831,15.83789954,22.82363014,21.18635845,16.85416667,9.314212329,19.70576484,18.99257991,16.62442922,188.3384703,6.293093607,8.961472603,6.448630137,6.838184932,12.75028539,16.67265982,15.69092466,10.71432648,16.12899543,14.35673516,12.48515982,7.729737443,135.0702055,-53.26826484,161.7043379,27307,6,24
6.890602685,5.176520994,5.666666667,23.66123965,5.49414453,22.45187089,17.8426164,7.410454156,8.698657526,10.44815767,8.53041988,6.61468152,128.8860326,2.429305913,3.063696087,3.013139103,5.607826335,7.417594973,10.72236504,15.51071123,6.852899172,11.52784919,6.616966581,6.824335904,3,82.58668952,-46.29934304,105.736361,23977,6,27
11.33333333,7.88097166,7.570040486,27.94412955,6.947908232,23.34844804,20.94358974,7.924426451,10.41727395,13.15816464,10.36923077,8.653441296,156.4909582,3.905263158,4.596761134,4.325506073,8.647503374,12.27746289,11.95546559,16.84237517,11.27908232,14.59163293,7.666126856,9.025910931,4.096896086,109.2099865,-47.28097166,132.8504723,24139,6,27
3.092465753,3.639554795,3.298230594,16.96318493,48.56563927,72.08390411,53.83618721,72.46232877,84.6489726,19.70119863,6.537671233,1.097031963,385.9263699,1.8125,2.521974886,6.730593607,23.71917808,40.0864726,61.92351598,60.53110731,57.93179224,57.58533105,14.17950913,4.357591324,1.159531963,332.5390982,-53.38727169,359.232734,3395,6,27
2,0.272064777,2.005937922,2.424021592,0.333333333,6.932523617,2.666666667,1,0.666666667,1.295006748,1.278272605,1.411066127,22.28556005,1.986234818,0,0.336302294,1.333333333,1.333333333,1.753576248,6.397300945,1,0.222132254,0.227530364,0.267746289,0,14.85748988,-7.428070175,18.57152497,21377,6,31
1.666666667,0,0.412891046,3.61218986,5.369471413,19.6030205,27.33737864,10.39482201,5.722491909,1.234088457,0.333333333,0.852211435,76.53856526,0.333333333,0.333333333,0.492448759,2.700647249,17.4894822,16.95954693,12.55231931,15.4811219,4.57416397,1.326591154,0,0,72.24298813,-4.295577131,74.3907767,15802,6,34
4.333333333,0,0,1.022870212,4.79245283,3.781017724,16,2.333333333,2,1.011435106,0,0,35.27444254,1,4.076043453,0.333333333,3.600343053,4.34105203,15.91680961,2.620068611,1.559176672,2.236134934,0,0,0,35.68296169,0.408519154,35.47870212,2851,6,40
15.30553306,8.712010796,10.89338731,30.40728745,35.3802969,45.27530364,41.96140351,20.49041835,16.68016194,37.6148448,15.9511471,17.66072874,296.3325236,8.526315789,11.58083671,15.29527665,21.37381916,26.91605938,33.24669366,24.2340081,28.9902834,19.99703104,13.98974359,11.82240216,9.176788124,225.1492578,-71.18326586,260.7408907,26674,6,41
1.395782644,0.333333333,0.301162476,1.666666667,2.756961341,14.72776426,13.87347932,4.750202758,2.301162476,0.333333333,0.240875912,1.256555826,43.93728035,0.967829143,0.333333333,1.204649905,0.967829143,7.031900514,6.049743174,12.60665045,2.772100568,1.333333333,0.666666667,0.240875912,0,34.17491214,-9.762368208,39.05609624,15825,6,41
15.10517799,9.242988134,11.60221143,32.55690399,36.89536138,47.46790723,45.26699029,22.61165049,18.24406688,39.91262136,15.90372168,17.56769148,312.3772923,8.311488673,12.13888889,15.60841424,23.69282632,27.02885653,40.25889968,27.54800431,32.78613808,23.84169364,14.97572816,11.73678533,9.562028047,247.4897519,-64.88754045,279.9335221,26675,6,43
1.666666667,0,0.333333333,3.353863701,5.317935557,20.56544055,27.15911035,11.12631879,5.683775307,1.333333333,0.333333333,2,78.87311092,0.333333333,0.326489877,0.333333333,2.01996008,14.85543199,13.88309096,17.84231537,17.52780154,5.345309381,1.333333333,0,0,73.8003992,-5.072711719,76.33675506,16743,6,43
3,0.725792631,0.411596687,3.7246501,5.471579549,21.06912311,24.08311911,10.79691517,5.351328192,1.333333333,0.347043702,1.666666667,77.98114824,0.764638675,0.392459297,1.199657241,1.972007998,13.75121394,12.27249357,17.40445587,16.66238218,4.557554984,1.097972008,0.333333333,0,70.40816909,-7.572979149,74.19465867,17656,6,45
2.333333333,0,0,0.685201027,5.78671229,6.093242087,17.35500428,5.665526091,5.724550898,1.335329341,0.074137439,0.980325064,46.03336185,0.333333333,0.333618477,0.333333333,4.69546621,5.174222983,4.72255489,8.335899629,2.998859424,6.239806102,1,0.01853436,0.333333333,34.51896208,-11.51439977,40.27616196,12314,6,48
2.030225264,0.938408896,0.498431708,4.074992871,5.884801825,21.37296835,30.54548047,12.78956373,6.980325064,1.333333333,0.666666667,1.666666667,88.78186484,0.574280011,0.406045053,0.518106644,3.178785287,23.14998574,17.63045338,17.85372113,18.44938694,6.282577702,1.333333333,0.145423439,0,89.52209866,0.740233818,89.15198175,16737,6,50
2.572327044,0,0,0.586620926,3.95025729,3.034305317,14,3.04373928,2.333333333,1,0,0.094911378,30.61549457,0.830188679,3.225843339,0.081761006,3.921669525,3.059748428,16.49428245,2.666666667,1,2.750142939,0,0,0,34.03030303,3.414808462,32.3228988,3689,6,50
2.957726364,1,0.871179663,5.962010854,7.520137104,26.06455298,30.93430448,14.81719509,8.385889746,2.315052842,0.812339332,2.144815767,103.7852042,1.599257355,1,1.155384176,4.673521851,30.3461868,19.9545844,20.16566695,28.64381605,5.775207084,1.385604113,0.551842331,0,115.2510711,11.4658669,109.5181377,18532,6,57
1.98542024,0.090337336,0.333333333,2.914808462,5.407947399,17.60291595,27.44997141,9.932818754,5.644654088,1.333333333,0.333333333,0.274156661,73.3030303,0.333333333,0.333333333,0.466552316,2.51943968,17.61578045,14.54545455,12.60777587,16.22441395,3.902229846,1.735849057,0,0,70.28416238,-3.018867925,71.79359634,15475,6,57
1.766437965,0.238993711,0.725271584,5.60806175,3.333333333,9.666666667,4.386506575,4.855060034,7.311606632,1.666666667,1.83619211,1.955974843,43.35077187,1.433104631,0.333333333,0.644939966,3.39193825,7.657518582,6.058604917,17.38593482,2.706403659,1.97941681,0.60806175,3.622927387,0.76329331,46.58547742,3.234705546,44.96812464,14286,6,71
0.491438356,0,0.655251142,2.333333333,2.703196347,8.474885845,4.406392694,3.321917808,3.666666667,3.29109589,0.316495434,0,29.66067352,0.081906393,0,0,1.195490868,3.240296804,10.57049087,3.78652968,2.748573059,2.995148402,0.660958904,0.310787671,0,25.59018265,-4.070490868,27.62542808,19284,6,73
2.666666667,0.317080125,0.194183062,1.650413459,6.435129741,7.353863701,20.21072141,6.595950955,5.595950955,2.333333333,1.333333333,2,56.68662675,0.333333333,0.630738523,1.645280867,5.650983747,10.37895637,6.659823211,8.039064728,5.539777588,5.257199886,2.675220987,0.333333333,0.666666667,47.81037924,-8.876247505,52.24850299,14782,7,5
13.66981402,11.00658083,9.2,31.88011445,11.99742489,28.57339056,24.98311874,10.99771102,12.75736767,15.2248927,12.13705293,13,195.4274678,6.666666667,7.314735336,5.459513591,8.88297568,11.94277539,14.2297568,13.07095851,8.179685265,10.96366237,8.912160229,8.778254649,5.388555079,109.7896996,-85.63776824,152.6085837,24290,7,6
12.66580977,8.338474722,8.802627821,23.09140246,30.15938303,34.68723222,37.3059126,18.07455013,12.45729791,27.06512425,17.08454727,16.73807484,246.470437,8.148243359,8.552413596,9.968294773,14.204513,24.45615538,23.85118538,17.14624393,31.89888603,19.73207655,13.02113682,11.52813482,7.12167952,189.6289632,-56.84147386,218.0497001,27349,7,6
3.333333333,0.746781116,0.955937053,7.803719599,7.862374821,24.65550787,36.86666667,15.77052933,10.53304721,3.812017167,1.395994278,3.719885551,117.455794,1,1.319599428,1.289270386,6.81316166,21.43547926,28.00886981,25.03204578,31.8832618,9.10472103,3.862374821,0.371101574,0,130.1198856,12.66409156,123.7878398,17636,7,7
2.51080497,0.633171259,1.988654781,13.14046461,21.99243652,28.15991356,23.07401405,37.13236089,45.56753106,8.709616424,0.666666667,0,183.5756348,0.951107509,1.040518639,7.316045381,8.202863317,10.16396542,24.64991896,8.162614803,28.97839006,27.32955159,6.316855754,4.107509454,0,127.2193409,-56.3562939,155.3974878,7616,7,7
13.87081985,8.670981661,9.124595469,24.79018339,32.33333333,34.77427184,38.81984898,19.39994606,13.12486516,26.83845739,18.13133765,18.24083064,258.1194714,8.733279396,8.901024811,10.26645092,15.11785329,25.28398058,26.3530205,18.09924488,30.89670982,20.70765912,13.09439051,13.30097087,7.57416397,198.3287487,-59.79072276,228.22411,27443,7,8
2.559176672,0,0,0.789594054,4.878787879,7.11292167,16.87135506,4.686392224,4.09834191,1.45626072,0.033733562,0,42.48656375,0.622927387,0.361921098,0.911663808,3.088050314,7.419668382,6.71841052,6.430531732,6.041166381,5.069754145,1.561463694,0,0,38.22555746,-4.261006289,40.35606061,13773,7,8
1.891745216,0.881748072,0.639817195,5.832047986,6.120536989,21.79177378,29.21165381,11.92116538,6.51442445,1.333333333,0.554413025,1.635818338,88.32847758,0.534133105,0.333333333,0.946301057,4.607540703,21.59840046,17.25078549,15.97143673,18.12053699,5.421308198,1.333333333,0,0,86.1171094,-2.211368181,87.22279349,16432,7,13
2.508726753,0.831473534,0.666666667,5.453218884,16.93676681,31.89413448,33.88612303,26.58111588,38.72989986,8.541917024,1.933333333,3.164520744,171.127897,1.289556509,0.695851216,1.098998569,8.421745351,19.37367668,25.19456366,13.95221745,39.7788269,36.8074392,4.643204578,1.666666667,1.289556509,154.2123033,-16.91559371,162.6701001,9234,7,13
2.666666667,0,0,0.704434907,4.612875536,7.048640916,17.490701,5.095565093,4.333333333,1.453505007,0.489556509,0.7018598,44.59713877,0.333333333,0.333333333,1.128183119,2.438912732,7.408297568,5.429470672,7.208297568,6.366523605,5.557653791,1.357939914,0.185979971,0.105579399,37.85350501,-6.743633763,41.22532189,14120,7,13
1.666666667,0.201257862,0.451114923,3.851057747,6.066895369,19.78416238,29.38564894,11.43339051,6.537735849,1.333333333,0.333333333,0.941395083,81.985992,0.333333333,0.333333333,0.568896512,2.603773585,22.31103488,17.88193253,14.45997713,16.82904517,5.46598056,1.333333333,0.117781589,0,82.23842196,0.25242996,82.11220698,16119,7,20
3.181523501,3.364397623,3.004051864,15.85575365,45.54727175,66.15289033,49.36358725,66.88573744,79.36115613,17.99486764,6.241491086,0.976769314,357.9294976,1.848190167,2.114802809,6.054294976,21.87277147,38.4910859,56.26148028,52.1469476,53.24041059,54.38357645,13.15694219,4.019448947,1.044570502,304.6345219,-53.29497569,331.2820097,3609,7,20
1.010291595,0,0,1.711263579,2,17.86277873,2.295883362,3.169239565,0,0,0,5.666666667,33.7161235,0.960834763,1.005145798,2.039165237,0.844482561,2.666666667,5.351057747,13.42595769,1.468267581,0,0.077186964,0.251000572,0,28.08976558,-5.626357919,30.90294454,8421,7,22
8.113630229,7.511470985,11.71605938,37.79244265,9.967071525,35.71336032,29.15060729,11.5802969,13.28421053,13.65991903,11.79622132,7.161673414,197.4469636,4.013225371,3.702834008,8.472874494,21.48205128,21.29581646,25.77705803,26.4782726,22.03967611,23.50958165,9.487449393,9.692577598,2.666666667,178.6180837,-18.82887989,188.0325236,23458,7,28
1.853092784,0.333333333,0.333333333,3.191580756,3.738831615,16.85824742,13.14633448,5.551832761,2.642611684,0.666666667,0.333333333,2.666666667,51.31586483,0.524914089,0.333333333,2.062714777,2.276632302,13.53636884,4.66093929,12.11368843,4.565578465,2,1.333333333,0.666666667,0,44.07416953,-7.241695304,47.69501718,17671,7,30
1.734088457,0,0.333333333,3.333333333,4.666666667,19,24.07686084,9.666666667,5,0.85167206,0.333333333,2.333333333,71.32928803,0.333333333,0.333333333,0.333333333,2.134843581,12.9012945,13.31769148,13.62055016,17.18176915,4.333333333,1.185005394,0,0.083063646,65.75755124,-5.571736785,68.54341963,15807,7,33
17.17424893,9.548497854,10.04206009,20.55307582,20.86866953,26.69470672,33.37310443,28.07296137,11.0769671,21.76423462,21.52131617,22.13619456,242.8260372,8.57453505,9.896709585,7.548783977,8.301573677,13.97796853,26.3379113,33.94306152,31.90758226,25.71587983,13.81773963,16.41917024,9.6981402,206.1390558,-36.6869814,224.4825465,28336,7,34
1.709262436,0,0,0.666666667,6.407089766,3.501715266,11.96369354,6.333333333,6.333333333,0.333333333,0.017152659,0,37.26558033,0.666666667,0.501715266,0.25242996,11.77530017,4.700686106,5.713836478,7.335906232,2.843053173,6.835048599,0,0.011435106,0,40.63607776,3.370497427,38.95082905,7979,7,35
21.2447872,11.04712939,12.15338475,25.33933162,24.58554699,29.43016281,38.97543559,30.59840046,12.93316195,25.48100543,24.05198515,26.02485004,281.8651814,11.14824336,11.31105398,9.405884033,12.78520423,16.04113111,30.47157955,38.26535276,27.21279634,28.72893459,16.82976292,18.83747501,11.18194801,232.2193659,-49.64581548,257.0422736,28430,7,37
1.666666667,0.213814847,0.370879908,3.685869877,5.952995128,19.53023789,29.55288048,11.24161651,6.747778733,1.333333333,0.465749498,0.941530525,81.7033534,0.333333333,0.367153912,0.727429063,2.716824305,21.97993694,17.45371167,14.20636285,16.69446833,5.649183147,1.333333333,0.22470622,0,81.68644311,-0.016910289,81.69489825,16118,7,39
3.666666667,2.218597997,1.506723891,12.71359084,39.82718169,59.45779685,49.87639485,51.45064378,72.12646638,13.04463519,4.969957082,3.666666667,314.5253219,2.333333333,1.346781116,3.604577969,19.86552217,29.71502146,45.527897,25.77367668,64.24692418,65.01173104,10.59685265,3.227467811,1.333333333,272.5831187,-41.94220315,293.5542203,6692,7,39
8,5.430329041,5,14.12017167,11.66666667,24.94878398,26.51616595,13,9.156795422,11.83805436,5,8.333333333,143.0103004,4.078397711,2.937625179,5.640629471,6.674105866,12,12.0869814,10.87038627,9.113018598,9.660944206,3.43776824,4.764520744,3.666666667,84.93104435,-58.07925608,113.9706724,25538,7,44
1.666666667,0.333333333,0.333333333,3.333333333,4.055984005,18.66038275,20.65409883,8.39702942,4.062553556,0.666666667,0.333333333,2.274207369,64.77092259,0.333333333,0.024850043,0.99257355,1.353041988,7.323907455,9.075692659,18.06940874,12.24364467,3.499571551,0.666666667,0.333333333,0,53.91602399,-10.8548986,59.34347329,16751,7,44
2.219255663,1.013484358,1.305285868,5.785868393,7.562567422,27.14185545,25.91747573,13.4390507,7.397788565,1.666666667,0.40210356,1.952804746,95.80420712,0.924487594,0.680151025,1.816612729,4.480312837,18.00566343,11.48570658,17.15480043,14.12405609,4.20819849,1.073894283,0.791262136,0.333333333,75.07847896,-20.72572816,85.44134304,19368,7,47
2.666666667,0,0,1.948542024,4.450829045,11.52630074,21.87192682,7.078330475,5.414236707,1.862778731,0.666666667,2.24757004,59.73384791,0.666666667,0.333333333,0.333333333,3.311320755,13.26586621,10.80789022,9.021440823,10.01457976,4.333333333,2.06432247,0,0.300457404,54.45254431,-5.281303602,57.09319611,15133,7,47
1.888708806,0.819556996,0.900054025,5.672339276,7.899513776,27.72582388,28.1715289,14.52944354,8.231226364,1.789032955,0.402485143,1.912749865,99.94246353,0.844948676,0.666396542,1.390599676,5.075094543,17.20691518,13.23473798,18.22258239,16.30632091,5.127498649,1.183954619,0.735818476,0.055915721,80.05078336,-19.89168017,89.99662345,19366,7,54
2.222491909,0.111650485,0.333333333,3.333333333,5.286947141,20.71736785,25.56364617,11.01132686,5.666666667,1.037216828,0.353290183,1.895900755,77.53317152,0.703883495,0.292610572,0.574973031,2.037216828,12.95442287,11.69201726,17.76699029,17.05204962,5.127831715,0.92772384,0.01995685,0,69.14967638,-8.383495146,73.34142395,17050,7,60
1.799828914,0.666666667,0.577416595,4.654120331,5.836042201,24.53521528,21.41288851,10.68234959,5.523809524,1.041060736,0.333333333,1.666666667,78.72939835,0.836042201,0.333333333,1.518391788,3.406045053,18.16994582,10.03735386,12.79754776,10.73681209,3.583689763,1.025092672,0.666666667,0.529512404,63.64043342,-15.08896493,71.18491588,19110,7,61
21.54688393,14.54173814,9.533447684,30.50886221,27.42166953,28.15580332,32.06174957,17.02715838,15.64008005,51.48227559,19.75328759,25.97484277,293.6477987,11.02544311,19.79331046,17.37678674,21.24499714,12.51000572,15.8670669,11.63321898,27.7186964,15.44339623,19.17610063,17.61006289,13.20211549,202.6012007,-91.04659806,248.1244997,23708,7,65
1.333333333,0,0,0,3.648582996,2.128205128,2.526585695,6.428070175,2.666666667,0,0,1.15951417,19.89095816,1,0.870175439,0.970310391,1.666666667,5.135762483,5.873144399,1.017813765,3.91659919,1.203508772,0,0,0.579757085,22.23373819,2.342780027,21.06234818,3448,7,65
9.838038209,7.333333333,6.605075563,21.50042772,12.71200456,29.75192472,26.47020245,13.5417736,12.03421728,13.55146849,7.160536071,9.582549187,170.0815512,6.113772455,3.490162532,5.020245224,8.127744511,17.06045053,10.47333904,14.98175078,13.52666096,11.27516396,6,5.648417451,4.176504135,105.8942116,-64.18733961,137.9878814,24920,8,5
2.248141795,0.679245283,1.954831332,12.78359062,20.99685535,28.0268725,23.57947399,37.50371641,45.3184677,8.725557461,0.666666667,0,182.4834191,0.848770726,1.006289308,7.253287593,7.859348199,9.744139508,23.46197827,8.455974843,29.80760435,28.75042882,6.20268725,4.016009148,0,127.406518,-55.07690109,154.9449686,7928,8,5
2,0,0,0.666666667,8.645596975,6.538897893,14.97406807,6.250135062,7.324689357,0.990275527,1.655861696,0.682874122,49.72906537,0.666666667,0.497839006,0.333333333,11.42679633,6.149918963,6.196920583,9.062668828,4.103997839,9.37439222,0.978390059,0.662344679,0.333333333,49.78660184,0.057536467,49.7578336,10101,8,7
3,0,0,0.490145673,4.57526421,7.180234219,18.01828049,6,4.55926878,1.583547558,0.994287346,1.496143959,47.89717224,0.333333333,0.333333333,0.776063982,1.980291345,8.894887175,5.402456441,7.499857184,9.218508997,4.682662097,1.844044559,0,0.249357326,41.21479577,-6.682376464,44.555984,14791,8,11
18.16409377,9.02915952,10.2161235,22.53001715,29.19153802,33.85134362,31.81417953,14.05574614,10.35506003,29.57146941,19.54974271,21.63636364,249.964837,10.99342481,11.21555174,13.810749,16.91766724,22.11177816,29.94282447,16.19782733,19.57690109,18.63664951,12.10377358,10.61349342,9.877358491,191.9979989,-57.96683819,220.981418,27339,8,13
4.333333333,0,0,0.872322194,4.616966581,3.723221937,14.10197087,3,2.333333333,1.568123393,0,0.862896315,35.41216795,1.333333333,3.333333333,0.278491859,4.840616967,3.281919452,19.4764353,1.694087404,1.302485004,3.490145673,0,0,0.196229649,39.22707798,3.814910026,37.31962296,3053,8,17
1.333333333,0.333333333,0.333333333,1.666666667,2.686089689,14.22907741,11.32362182,4.787774921,1.666666667,0.333333333,0.333333333,0,39.02656384,0.666666667,0.333333333,2.081976578,1.333333333,10.59811482,5.525278492,10.93544702,3.243073408,1.606969437,0.666666667,0.666666667,0,37.65752642,-1.369037418,38.34204513,16458,8,18
3.591194969,3.072898799,2.342767296,13.78158948,38.78673528,52.88822184,39.68810749,56.3324757,67.58233276,16.3950829,6,1.150657519,301.612064,1.927958834,1.575757576,3.901086335,19.05260149,31.60034305,47.8324757,35.15151515,40.05917667,47.7813036,12.76558033,4,1.180674671,246.8284734,-54.78359062,274.2202687,3828,8,21
9.333333333,4.936249285,5.647512864,14.02915952,15.14351058,21.014008,22.9105203,21.11778159,8.666666667,15.30074328,11.37735849,11.60320183,161.0800457,4,5.714694111,5.056317896,4.943682104,10.60377358,18.37678674,17.96054889,15.59119497,14.48885077,11.09862779,8.052887364,6.057747284,121.9451115,-39.13493425,141.5125786,27901,8,25
2,0,0,0.666666667,7.939679817,6.244425386,15.75728988,6.429674099,7.177530017,1.333333333,1.010577473,0.870211549,49.42938822,0.682104059,0.666666667,0.117781589,7.944539737,6.071469411,5.101486564,10.10548885,3.633218982,8.611778159,1.058604917,0.404230989,0.349342481,44.74671241,-4.682675815,47.08805031,10836,8,25
9.333333333,5.333333333,5.883589329,13.39692805,15.80463487,21.58879008,23.83131231,21.00296416,8.666666667,14.39611964,11.15790892,11.80867691,162.2042576,4.29641606,5.860684452,5.446510375,5.12934519,10.87173269,17.47184047,20.12260846,13.23309081,12.9458367,10.99434115,7.490164376,6.04419294,119.9067637,-42.29749394,141.0555106,27834,8,28
2.241295547,0,0.333333333,2.333333333,5.518488529,15.51875843,26.66639676,9.48340081,6.567071525,1.703373819,0.456680162,1.629419703,72.45155196,0.456140351,0.333333333,0.574089069,2.598650472,18.5120108,12.69041835,12.43292848,15.36059379,4.907422402,1.77705803,0,0,69.64264507,-2.808906883,71.04709852,15791,8,30
7.774914089,5.646334479,5,14.07817869,11.66666667,25.98768614,26.37428408,13.08075601,9.129438717,11.33333333,5,8.333333333,143.4049255,3.93327606,3,5.588487973,6.340206186,12.2803551,12.63115693,10.62943872,9.870847652,9.486540664,3.411512027,4.764604811,3.645189003,85.58161512,-57.82331042,114.4932703,25539,8,46
15.87206478,8.679622132,7.24831309,19.64237517,17.34224022,23.55222672,23.80053981,22.51902834,7.651551957,13.84291498,24.57165992,23.78083671,208.5033738,6.710391363,8.682591093,5.651012146,7.759244265,16.31605938,25.98380567,22.38083671,35.36302294,24.24642375,9.585695007,20.50148448,8.381106613,191.5616734,-16.9417004,200.0325236,28298,8,49
1.333333333,0.087704213,0.725136142,5.608197191,3.333333333,10.00601892,4.531384351,5.349670393,7.087417598,1.666666667,1.268271711,2.070220694,43.06735454,1,0.333333333,0.50874176,3.22470622,7.927199771,6.2281456,18.23473775,2.967039266,2.22470622,0.608197191,2.337345944,0.666666667,46.26081972,3.193465176,44.66408713,14287,9,6
8.415991356,6.564019449,6.127498649,19.15937331,12.96866559,29.37520259,25.95164776,14.29794706,11.53700702,13.180443,6.006753106,8.619665046,162.2042139,5.870340357,3.291734198,4.945975149,10.22420313,14.17450027,9.680443004,12.51296596,10.54700162,7.961372231,5.954349001,5.477849811,3.436790924,94.07752566,-68.12668828,128.1408698,24757,9,7
17.24453441,9.333333333,7.408097166,19.53414305,17.6291498,23.15762483,24.72226721,23.69986505,8.035897436,16.30040486,25.69851552,26.08987854,218.8537112,7.028609987,9.06585695,5.92928475,7.539541161,16.79271255,27.04129555,23.23049933,36.09797571,24.20566802,10.79946019,21.44129555,9.254790823,198.4269906,-20.42672065,208.6403509,28296,9,9
4.091402456,2.333333333,1,7.617823479,21.25392745,27.5358469,16.26649529,26.05169951,37.70408455,10.23564696,5.903741788,1.627249357,161.6212511,1.896315338,0.708940303,1.393601828,12.03227649,15.75464153,16.69522993,9.786918023,23.50956869,29.29305913,8.610111397,2.744358755,0.574407312,122.9994287,-38.62182234,142.3103399,5937,9,12
21.48142165,12.11012386,13.91653204,31.78567582,30.75336564,32.61900915,43.90441572,32.98546042,14.89768444,29.94938072,25.81098546,27.58777598,317.8018309,12.01642434,12.11012386,11.07377491,17.37722132,20.56812062,34.06246634,41.8462574,25.88018309,30.95045773,20.48357566,20.58077544,12.27679052,259.2261712,-58.57565967,288.5140011,28471,9,23
2.161244292,0.310787671,0.333333333,3.546803653,6.149257991,18.79965753,30.41609589,11.70890411,7.356449772,1.979452055,0.626141553,1.454052511,84.84218037,0.39783105,0.954908676,0.568207763,3.072773973,20.98544521,14.96689498,15.71917808,19.98202055,6.384417808,1.996004566,0.21347032,0,85.24115297,0.398972603,85.04166667,16422,9,25
3.203778677,0.666666667,0.531174089,5.629419703,6.8,22.75708502,33.76869096,14.05910931,8.381376518,2.318488529,0.720107962,1.666666667,100.5025641,0.948178138,0.697165992,0.808367072,4.227260459,23.68016194,20.12766532,19.64318489,22.75735493,7.650202429,2.281511471,0.333333333,0,103.154386,2.651821862,101.828475,17036,9,30
1.634730539,0,0.333333333,3.535500428,5.385514685,21.09210151,27.56372968,11.47733105,6.313658397,1.333333333,0.333333333,2,81.0025663,0.333333333,0.333333333,0.333333333,2.316224693,16.67978329,15.01938979,17.37325349,17.8956373,5.80382093,1.333333333,0,0,77.42144283,-3.581123467,79.21200456,16742,9,43
2.318181818,0.90165809,0.925100057,9.500857633,1.662092624,15.92652945,4.333333333,5.333333333,4.059176672,7.166380789,1.41623785,1.302458548,54.84534019,1.068038879,0.504002287,0.546598056,1.318467696,12.72498571,5.248141795,7.125214408,3.176386507,2.328759291,2.752715838,2.119782733,0.047169811,38.96026301,-15.88507719,46.9028016,21785,10,5
2.075536481,0,0,0.792846924,4.513590844,7.444062947,17.0397711,5,4.13304721,1.529613734,0.278111588,0.012589413,42.81917024,0.461230329,0.604577969,0.725894134,2.785121602,6.863805436,7.909012876,7.026323319,7.04434907,4.985121602,1.456652361,0,0.003147353,39.86523605,-2.953934192,41.34220315,14124,10,5
2,0,0,0.666666667,7.905802969,4.666666667,12.77786775,6.695276653,7.666666667,1.028609987,1.598650472,0,45.00620783,0.666666667,0.666666667,0.65560054,15.88663968,7.365452092,7.046423752,8.333333333,3.429149798,8.924966262,0.88879892,1.222132254,0,55.08582996,10.07962213,50.04601889,8640,10,8
2.709797201,1,1.113681805,6.670379891,7.273921737,25.93944587,30.12653528,14.43101971,8.21879463,2.333333333,0.666666667,1.666666667,102.1502428,1.490145673,1,1.275921165,4.912025136,29.87917738,20.12225079,19.21393887,30.07455013,5.641530991,1.333333333,0.333333333,0,115.2762068,13.12596401,108.7132248,18533,10,9
20.46288799,13.72226721,9,30.8734143,26.72820513,25.72118758,29.45695007,15.50580297,15.26909582,48.89176788,19.13144399,25.1902834,279.9533063,10.78974359,19.36464238,13.8437247,26.76275304,15.88556005,14.8925776,16.17840756,23.03454791,12.82402159,18.80782726,17.48232119,12.72361673,202.5897436,-77.36356275,241.271525,23370,10,10
1.850742009,1.017408676,2.043093607,13.43607306,20.06649543,28.93807078,25.89811644,42.35388128,48.89269406,8.592751142,0.343607306,0,193.4329338,0.740296804,1.034817352,8.54880137,7.049372146,11.49257991,24.72203196,9.762557078,30.73116438,33.42922374,6.504280822,3.542522831,0.1418379,137.6994863,-55.73344749,165.56621,7931,10,10
2,0,0,0.666666667,8.089974293,6.121965153,14.62296487,6.294201657,7.291059697,0.998286204,1.478434733,0.62753499,48.19108826,0.666666667,0.296772351,0.333333333,12.59582976,6.001713796,7.037989146,8.949443016,3.921736647,8.50157098,0.990574122,0.588403313,0.294201657,50.17823479,1.98714653,49.18466153,9730,10,10
2,0,0,0.666666667,8.130074328,6.400800457,15.21841052,6.365065752,7.333333333,1.168381933,1.666666667,0.845626072,49.79502573,0.666666667,0.666666667,0.319897084,9.4514008,6.041738136,5.62378502,9.586049171,4.021440823,9.150657519,1,0.666666667,0.346769583,47.54173814,-2.253287593,48.66838193,10468,10,10
8.666666667,6.819480149,5.910596972,20.20308483,12.63153385,28.65781205,26.36846615,13.4938589,11.32047986,12.58526135,6.745215653,9.670951157,163.0734076,5.333333333,3.571836618,5.087117966,8.026849472,16.58526135,9.685232791,13.37475007,12.28506141,10.30562696,5.056269637,5.903741788,3.666666667,98.88174807,-64.19165953,130.9775778,25075,10,14
3,0,0.058655222,1.536480687,4.758226037,8.333333333,19.46781116,6.666666667,4.696709585,2.045779685,0.826895565,2,53.39055794,0.333333333,0.333333333,1.515021459,4.031187411,10.31902718,6.274391989,7.911015737,11.13733906,5.021173104,2.882403433,0,0.333333333,50.09155937,-3.298998569,51.74105866,15449,10,14
12.49656947,7.532590051,6.030588908,24.46140652,26.06861063,35.93196112,43.61549457,25.96626644,20.24928531,30.72898799,9.533733562,14.55546026,257.1709548,6.766437965,10.35734706,10.50228702,19.13321898,22.64265294,38.43339051,29.09891366,24.28959405,17.66323613,16.36678102,12.1841052,7.55460263,214.9925672,-42.17838765,236.081761,22188,10,19
3.895368782,0,0,1.369925672,9.850200114,7.167238422,15.63607776,8.128073185,9.393081761,1.841623785,2,1.333333333,60.61492281,0.965122927,0.508290452,0.333333333,10.75271584,8.820182962,9.364208119,8.153516295,5.363350486,8.0485992,1.051457976,1,0.675242996,55.03602058,-5.57890223,57.8254717,10828,10,22
1.666666667,0.187857961,0.606242841,3.629725086,5.806701031,20.13860252,30.75486827,12.21563574,7,1.426689576,0.34163803,1.274341352,85.04896907,0.333333333,0.427262314,0.66093929,2.416380298,22.11454754,17.30555556,15.84679267,17.79295533,6.030641466,1.4604811,0.333333333,0,84.72222222,-0.32674685,84.88559565,16427,10,27
2.167206041,0.004854369,0.333333333,3.419633225,4.801240561,20.4600863,24.22842503,10.30177994,4.778317152,1.333333333,0.365695793,1.666666667,73.86057174,0.58360302,0.333333333,0.666666667,1.991639698,10.55528587,10.53748652,17.04530744,15.67502697,4.370550162,1.272923409,0.03236246,0,63.06418554,-10.79638619,68.46237864,17052,10,35
1.890317052,0.508997429,0.464438732,5.293630391,5.865752642,21.89602971,29.18508997,12.11139674,6.823479006,1.333333333,0.464438732,1.956583833,87.79348757,0.67237932,0.333333333,0.59554413,4.206798058,20.72864896,16.75949729,17.51271065,18.51756641,5.712082262,1.333333333,0,0,86.37189374,-1.42159383,87.08269066,16740,10,36
3.033161807,0.878216123,0.746998285,5.248713551,17.34534019,32.51829617,35.27301315,28.02258433,39.58147513,8.128930818,2.016866781,3.348770726,176.1423671,1.409948542,0.873927959,1.532304174,7.666666667,20.95597484,26.25100057,17.14722699,38.29245283,33.77472842,4.258147513,1.666666667,1.338479131,155.1675243,-20.97484277,165.6549457,9231,10,41
2.297690334,1.696606786,2.593669803,2.915027089,0.71970345,8.816367265,3.472768748,1.29740519,0.980325064,1.69404049,2.456800684,1.666666667,30.60707157,2.262902766,0.242372398,0.788993442,1.446250356,2.392072997,2.333618477,4.609637867,1.154833191,0.349586541,0.77388081,0.871685201,0.156829199,17.38266324,-13.22440833,23.99486741,21742,10,55
8.666666667,5.666666667,5.520799568,15.45164776,11.74068071,25.23176661,25.81361426,13.74068071,10.26472177,12.10858995,5.333333333,8.604267963,148.143436,5.091842247,3.333333333,5.319286872,5.697730956,16.136953,10.17125878,11.78471097,13.00702323,10.26634252,4.272285251,5.026742301,3.391139924,93.49864938,-54.6447866,120.8210427,25389,10,69
2.766181922,2.364699173,2.688907898,4.29597947,1.572854291,11.60621614,5.260621614,1.937553464,1.966923296,2.020245224,2.897348161,2.376960365,41.75449102,3.717422298,0.24893071,1.052181352,1.674365555,2.605360707,2.620188195,2.424009125,0.913886513,0.893071001,1.197034502,0.280581694,0.260906758,17.88793841,-23.86655261,29.82121471,21915,10,77
6.650684932,5.109874429,4.150399543,13.67979452,11.03652968,24.96575342,26.15753425,13.80393836,9.319634703,12.10131279,4.579908676,8.510844749,140.06621,2.813070776,2.761415525,5.492865297,6.051369863,11.06763699,13.32505708,10.14126712,10.78767123,11.20633562,3.123287671,4.383847032,3.867579909,85.02140411,-55.04480594,112.5438071,25823,11,5
10.59897172,7.443016281,7.656669523,23.05255641,21.74350186,30.79405884,29.92373608,16.21650957,15.36532419,36.7666381,6.643816053,9.646101114,215.8508997,4.317337903,4.185946872,10.43987432,24.30477007,15.7806341,15.62953442,14.72407883,15.59011711,8.97229363,7.899457298,6.311910883,4.505569837,132.6615253,-83.18937446,174.2562125,24879,11,12
2,0,0,0.666666667,7,3.457583548,11.45872608,6.423878892,6,0.333333333,0.16223936,0,37.50242788,0.666666667,0.909454442,0.333333333,14.03627535,3.933733219,6.398457584,5.182804913,1.731505284,6.666666667,0,0.126249643,0,39.9851471,2.482719223,38.74378749,7073,11,12
6.103222127,5,6.672654691,21.48531508,17.86740804,43.82948389,39.68291987,23.3065298,17.60621614,13.64984317,4.869689193,7.125748503,207.1990305,5.097804391,3.002281152,7.282007414,19.33390362,20.46963216,23.21015113,21.98488737,18.01055033,13.73139435,7.120330767,7.354433989,2.80382093,149.4011976,-57.79783291,178.3001141,23927,11,18
1.996488385,0,0,0.666666667,7.253106429,5.58373852,14.92085359,5.925445705,6.697190708,0.985143166,0.946785521,0.666666667,45.64208536,0.666666667,0.327660724,0.333333333,9.10345759,5.307671529,5.292274446,9.394111291,3.960831983,8.654781199,0.859805511,0.378714209,0.333333333,44.61264182,-1.029443544,45.12736359,10102,11,20
2.333333333,0,0.333333333,2.445883941,5.513090418,15.29581646,26.58380567,9.388933873,6.537921727,2.275033738,0.518488529,1.968421053,73.19406208,0.654520918,0.333333333,0.611605938,2.779217274,17.93009447,13.165722,12.06963563,14.82105263,4.649932524,2.576788124,0,0.080431849,69.67233468,-3.521727395,71.43319838,15790,11,24
2,0.030744337,0.333333333,2.765911543,5.20631068,17.33441208,28.0315534,10.50053937,6.511326861,1.333333333,0.412891046,0.759169364,75.21952535,0.333333333,0.333333333,0.431769148,2.40776699,19.36111111,12.95577131,14.85733549,15.89212513,4.620280475,1.666666667,0.079557713,0,72.9390507,-2.280474649,74.07928803,15796,11,26
1.999714367,1,1.269637247,5.455584119,7.586118252,28.79920023,25.41302485,12.7832048,6.661239646,1.159668666,0.536132534,2,94.66352471,1.744073122,0.053698943,1.67980577,4.308768923,21.7412168,14.20394173,17.23736075,17.61439589,8.36075407,2.131391031,0.92316481,0.333333333,90.33190517,-4.331619537,92.49771494,20141,11,28
2.843053173,0,0.107204117,1.329045169,4.967981704,7.814465409,19.33390509,6.292738708,4.735277301,2.127501429,0.991423671,2,52.54259577,0.333333333,0.176386507,1.75242996,3.957690109,10.39794168,5.712121212,7.758719268,9.799885649,5.050314465,2.5,0,0.333333333,47.77215552,-4.770440252,50.15737564,15121,11,31
2,0,0.333333333,2.333333333,5.333333333,16.33333333,27.33576248,9.987854251,6.365721997,1.333333333,0.333333333,1.104993252,72.79433198,0.333333333,0.333333333,0.460458839,2.333333333,18.68879892,12.3417004,13.3168691,16.12766532,4.896896086,1.492847503,0,0,70.32523617,-2.469095816,71.55978408,15793,11,39
1.666666667,0,0.333333333,3.333333333,4.594972865,19.08111968,22.6669523,9.367037989,4.43330477,0.980291345,0.333333333,1.678377606,68.46872322,0.333333333,0,0.666666667,1.666666667,8.953727506,9.674378749,16.97600686,14.60297058,4.078548986,0.980291345,0,0,57.93259069,-10.53613253,63.20065696,16748,11,43
2.333333333,0,0.333333333,2.333333333,5.503004292,14.61917024,26.0795422,8.702718169,6.321316166,1.735050072,0.333333333,1.543919886,69.83805436,0.598569385,0.333333333,0.333333333,2.474964235,17.77653791,11.47782546,11.56251788,14.09470672,4.333333333,1.828612303,0,0.145636624,64.95937053,-4.878683834,67.39871245,15468,11,46
2,0,0.333333333,2.358183376,5.43758926,16.42445016,27.07940588,9.728363325,6.031419594,1.407883462,0.333333333,0.829477292,71.96343902,0.333333333,0.333333333,0.333333333,2.608111968,19.23993145,11.76406741,13.67666381,15.37017995,4.019708655,1.716366752,0,0,69.39502999,-2.568409026,70.6792345,15471,11,55
2.704052511,0,0,1.254851598,4.336757991,8.53196347,19,6.058789954,4.698630137,2,1.00456621,2,51.58961187,0.333333333,0.333333333,1.257134703,2.436929224,8.922945205,8.069634703,7.75,11.60844749,4.736015982,2.190639269,0.005136986,0.333333333,47.97688356,-3.612728311,49.78324772,15125,11,56
6.637532134,5.333333333,5.103399029,14,11.18166238,25.21479577,25.24621537,13.07312197,9.027992002,12.31391031,5,8.12167952,140.2536418,3.18251928,2.944872893,6.489003142,6.418451871,11.19822908,12.23393316,10.08397601,9.378177664,9.731790917,3.330191374,4.608111968,3.403884604,83.00314196,-57.25049986,111.6283919,25687,11,59
6.789594054,5.423670669,4.866209262,14,11.21955403,24.92138365,26.09348199,13.07861635,9.140080046,11.9922813,5,8.055460263,140.5803316,3.191252144,3,5.996283591,6.455688965,11.29016581,12.49399657,10.50485992,9.712978845,10.13264723,3.333333333,4.670954831,3.642938822,84.42510006,-56.15523156,112.5027158,25688,11,59
8.059799714,5.666666667,5.255221745,14.1602289,11.44148784,25.52589413,26.20572246,13.53905579,9.31416309,11.57825465,5,8.333333333,144.0798283,3.977968526,3,5.816309013,5.983118741,12.71988555,12.33848355,10.32875536,11.17596567,9.674105866,3.507010014,4.919313305,3.426609442,86.86752504,-57.21230329,115.4736767,25540,11,79
4.745568897,1,0.968553459,6.086049171,9.971412236,15.32818754,29.41109205,11.04945683,9.666666667,5.579473985,2.441966838,3.576329331,99.824757,1.037164094,1.22698685,2.357061178,10.16180675,18.21154946,13.43939394,14.08290452,17.00200114,9.838479131,7.926243568,1.333333333,0.725271584,97.34219554,-2.482561464,98.58347627,17316,12,14
1.644101685,0.748071979,0.353041988,3.745501285,5.523850328,21.31105398,29.6223936,12.5375607,6.884890031,1.333333333,0.621536704,1.666666667,85.99200229,0.658954584,0.333333333,0.372750643,2.920594116,21.19737218,17.21908026,17.21565267,18.47757783,5.993716081,1.333333333,0,0,85.72236504,-0.269637247,85.85718366,16738,12,18
2,0,0,0.666666667,8.442286947,6.159385113,14.67206041,6.449298813,7.642394822,0.912891046,1.674757282,0.685005394,49.30474649,0.666666667,0.427184466,0.333333333,11.86434736,6.105177994,6.27373247,8.594390507,4.012675297,9.593042071,0.745415318,0.666666667,0.333333333,49.61596548,0.311218986,49.46035599,10100,12,18
8.487594391,5.433656958,5.204692557,15.20064725,12.01860841,25.16100324,25.88888889,13.74056095,10.31337648,12.27049622,5.330097087,8.713052859,147.7626753,5.062837109,3.333333333,5.110571737,5.835221143,15.61515642,10.3403452,11.20523193,12.68932039,9.89832794,4.194983819,5.218716289,3.381607335,91.88565264,-55.87702265,119.824164,25388,12,32
1.666666667,0.333333333,0.333333333,3.333333333,3.823479006,18.25621251,19.33161954,8.156241074,3.648671808,0.702942017,0.333333333,2.333333333,62.25249929,0.333333333,0.333333333,1.047700657,1.353041988,6.683233362,8.148528992,18.02570694,9.990859754,3.001713796,0.702942017,0.327335047,0,49.94772922,-12.30477007,56.10011425,16753,12,39
2.666666667,0,0,1.273299028,4.498284734,8.77186964,19.19296741,6.074899943,4.709548313,2,0.666666667,2,51.8542024,0.333333333,0.333333333,0.963121784,2.640365923,9.690680389,8.977129788,8.074899943,11.25242996,4.725557461,1.960834763,0,0.333333333,49.28502001,-2.56918239,50.56961121,15126,12,40
2.923032904,0,0,1.21602289,4.823462089,8.729613734,17.34248927,5.018311874,4,1.608011445,0.333333333,0.162517883,46.15679542,0.666666667,0.666666667,0.882689557,3.040057225,8.159370529,10.10472103,7.440057225,6.9490701,4.691845494,1.63776824,0,0.040629471,44.2795422,-1.877253219,45.21816881,14126,13,5
2.666666667,0,0,0.662382177,4.548129106,6.657812054,17.59040274,5.29134533,4.502999143,1.097972008,0.36503856,0.767780634,44.15052842,0.387032276,0.333333333,0.776349614,2.881748072,6.963439017,5.39702942,7.156526707,5.758354756,6.329048843,1,0.18251928,0.109682948,37.27506427,-6.875464153,40.71279634,13769,13,16
1.666666667,0,0.391363023,3.290148448,5.107692308,19.00269906,26.84804318,9.935492578,5.631039136,1.148178138,0.333333333,1.239136302,74.59379217,0.333333333,0.333333333,0.449392713,2.493927126,15.35222672,15.86126856,12.39649123,15.15492578,4.451282051,1.330904184,0,0,68.15708502,-6.436707152,71.3754386,15803,13,32
1.666666667,0,0.333333333,3.333333333,4.666666667,19.48157669,23.86432448,9.932590688,4.761782348,0.998571837,0.333333333,1.822622108,71.19480149,0.333333333,0,0.666666667,1.771208226,9.943730363,10.28763211,16.77720651,15.3470437,4.271636675,0.998571837,0,0,60.39702942,-10.79777207,65.79591545,16747,14,13
1.693591815,0.967689822,0.507808293,4.680129241,5.966882068,21.82606354,31.75498115,13.56058158,7.544964997,1.444803446,0.666666667,1.666666667,92.28082929,0.703823371,0.655896607,0.333333333,3.640280022,23.14728056,18.78486807,19.88610662,19.73855681,6.407377491,1.407646742,0.068659128,0,94.77382876,2.492999461,93.52732903,17041,14,15
9.333333333,5.293059126,5.508140531,14.25278492,15.62667809,21.288489,23.55041417,21.15367038,8.666666667,14.71893745,11.17337903,11.7683519,162.3339046,4,5.656098258,4.712082262,4.969437304,11.02370751,18.67123679,18.38903171,14.49757212,14.33818909,10.68694659,7.611253927,6.144815767,120.7003713,-41.63353328,141.517138,27900,14,20
1.333333333,0.333333333,0.269637247,1.829477292,2.891745216,15.01456727,12.16023993,5,1.96686661,0.333333333,0.219937161,0.260497001,41.61296772,0.666666667,0.300771208,1.617823479,1.431019709,9.915452728,6.04798629,12.246501,3.490716938,1.56355327,0.666666667,0.439874322,0,38.38703228,-3.225935447,40,16457,14,20
1.666666667,0.333333333,0.333333333,1.666666667,2.937010003,15.2719654,14.50662341,5.443903758,2.532035685,0.333333333,0.202216815,0.529872939,45.75696134,1,0.333333333,1.227629089,1,6.877534469,6.641254393,12.97458773,3.009462017,1.246553122,0.666666667,0.202216815,0,35.17923763,-10.57772371,40.46809949,15824,14,32
6.584814216,4.359181475,4.000807754,13,10.99757674,25.12897146,26.24340334,13.28056004,8.261712439,11.88933764,4.351103931,8.647011309,136.7444803,2.77086699,2.455035003,5.995691976,5.226440495,10.7447496,13.88745288,10.046042,10.53527194,10.29483037,2.942380183,4.351103931,4,83.24986537,-53.49461497,109.9971729,25938,14,37
2,0,0.333333333,2.666666667,5.333333333,16.66666667,27.02515723,9.878216123,6.094911378,1.333333333,0.333333333,0.274442539,71.93939394,0.333333333,0.333333333,0.333333333,2.333333333,18.60034305,11.92595769,14.39479703,15.69496855,3.783876501,1.666666667,0,0,69.39994282,-2.539451115,70.66966838,15473,14,44
2.63924593,0.072836332,0.072836332,1.013996001,5.48243359,6.910025707,19.6529563,6.382176521,5.351328192,1.940017138,1.183661811,2.072836332,52.77435019,0.333333333,0.389888603,1.083404742,3.495858326,9.46215367,5.760354185,7.586118252,5.085118538,5.151385318,2.145672665,0.305912596,0.666666667,41.4658669,-11.30848329,47.12010854,14783,15,12
3,1.46969697,2.140365923,7.665523156,6.262435678,24.13893654,18.79645512,8.627501429,4.769010863,1.599771298,1.253573471,2.844482561,82.567753,2,0.090909091,3.331618067,6.381646655,16.55746141,7.134362493,10.94711264,8.733847913,4.437678674,1.704402516,1.69782733,0.601772441,63.61863922,-18.94911378,73.09319611,19649,15,16
3.019389792,0.333333333,0.333333333,4.330767037,6.143712575,19.78728258,31.78785287,12.28457371,7.824351297,2.315084117,0.666666667,1.666666667,90.49301397,0.832905617,0.794981466,0.519532364,3.856857713,20.94097519,16.38893641,16.25292273,22.10151126,7.428571429,2.628742515,0.140575991,0,91.88651269,1.393498717,91.18976333,16729,15,20
8.333333333,5.55609493,5.260517799,16.91127292,12.18662352,26.51941748,26.00809061,13.75674218,10.25647249,12.38214671,5.813106796,9.107874865,152.0916936,4.995145631,3.225458468,5.351402373,6.790992449,14.71736785,11.39023732,10.86785329,12.03613808,9.588996764,4.106256742,5.682308522,3.444444444,92.19660194,-59.89509169,122.1441478,25387,15,21
2.666666667,0,0,1.68409026,4.34361611,11.15252785,20.98229077,6.731790917,4.810911168,1.862896315,0.666666667,2.190802628,57.09225935,0.666666667,0.333333333,0.333333333,3.333333333,12.52756355,11.33504713,8.831191088,9.977435019,4.171093973,2.039131677,0,0.294201657,53.84233076,-3.249928592,55.46729506,15132,15,24
3,1.334478809,2.060423826,7.321019473,6.029209622,23.53321879,18.36827033,8.543241695,4.821592211,1.66580756,1.469931271,2.920962199,81.06815578,2,0,2.963917526,6.016895762,15.75544101,6.736254296,11.34049255,8.337342497,4.134020619,1.706758305,1.901202749,0.625143184,61.5174685,-19.55068729,71.29281214,19650,15,27
2,0,0,0.666666667,7.230308219,4.002853881,11.09332192,6.516552511,7.666666667,0.354166667,0.946347032,0.008847032,40.48573059,0.358732877,0.666666667,0.666666667,14.02368721,5.389840183,6.075627854,6.866723744,2.54109589,9,0.038812785,0.564783105,0,46.19263699,5.706906393,43.33918379,7976,16,6
2.819634703,0,0.001997717,1.666666667,4.333333333,10.62271689,20.6826484,6.651255708,4.340182648,1.717180365,0.666666667,2.002568493,55.5048516,0.666666667,0.333333333,0.33533105,3.333333333,11.93436073,11.74828767,9.060502283,9.711757991,4.011700913,1.966324201,0,0.29423516,53.39583333,-2.109018265,54.45034247,15131,16,27
20.55079909,13.73944064,8.784531963,30.52111872,25.50285388,27.00513699,30.35987443,15.10273973,14.52996575,49.45462329,19.09960046,24.88955479,279.5402397,10.4277968,18.48059361,15.69206621,22.22431507,11.70690639,15.30450913,10.09189498,26.6538242,14.94035388,18.06763699,17.2739726,12.67722603,193.5410959,-85.99914384,236.5406678,23707,16,45
8,6.284692418,4.973962804,15.69270386,13.96137339,28.11244635,26.95565093,14.58798283,11.56852647,20.62918455,5.775965665,7.730472103,164.2729614,3.078397711,3.745350501,8.530472103,7.692703863,13.47668097,8.558798283,14.31759657,11.51502146,9.10758226,6.402575107,5.054649499,3.333333333,94.81316166,-69.45979971,129.5430615,25525,16,68
2.333333333,0,0,1.042844901,6.425021422,6.758354756,17.44644387,5.535561268,6,1.333333333,0.747215081,0.980291345,48.60239931,0.333333333,0.35646958,0.333333333,5.790059983,5.900599829,5.370751214,7.75778349,3.099400171,6.760068552,1,0.373607541,0.333333333,37.40874036,-11.19365895,43.00556984,12315,17,6
2,0,0,0.666666667,7.645511721,4.480274443,13,6.699542596,7.666666667,0.913093196,1.267295597,0,44.33905089,0.666666667,0.666666667,0.666666667,17.21955403,6.498284734,6.542595769,8.333333333,3.196112064,9,0.579759863,0.875357347,0,54.24499714,9.905946255,49.29202401,8304,17,10
4.969230769,1,0.892037787,5.033198381,8.912280702,13.58839406,26.80512821,10.04048583,8.561673414,4.526855601,2.282051282,3.333333333,89.94466937,0.851821862,0.652631579,1.952226721,9.386234818,18.09878543,12.06126856,14.00431849,16.56977058,10.26045884,7.242105263,1.17462888,0.666666667,92.92091768,2.976248313,91.43279352,17013,17,24
2.351057747,0.373927959,0.441966838,3.892795883,6.250428816,20.40994854,31.34534019,12.38307604,7.344768439,1.79130932,0.530017153,1.274442539,88.38907947,0.561463694,0.520297313,0.677530017,2.991709548,23.70926244,17.10434534,15.91881075,18.17724414,6.358490566,1.830188679,0.333333333,0,88.18267581,-0.206403659,88.28587764,16426,18,17
2.843187661,0,0,0.93173379,4.666666667,8.131676664,18.98571837,6.096258212,4.333333333,1.825192802,0.666666667,2,50.48043416,0.333333333,0.333333333,0.846043987,2.245644102,9.502427878,6.426449586,7.866895173,10.73379035,4.339902885,2.197657812,0,0.333333333,45.15881177,-5.321622394,47.81962296,15123,18,36
2,0,0.333333333,2.666666667,5.356564019,16.90491626,28.05429498,10.48190167,6.617233928,1.344678552,0.337925446,0.837925446,74.9354403,0.333333333,0.333333333,0.475688817,2.333333333,19.90032415,12.19421934,15.05402485,15.94273366,4.710696921,1.674230146,0.004592112,0,72.95650999,-1.978930308,73.94597515,15795,19,26
7.412017167,5.666666667,4.688125894,15.90414878,14.50386266,28.46552217,27.58826896,14.35364807,11.43376252,19.37482117,5.666666667,7.705007153,162.7625179,2.827753934,3.608011445,8.328755365,7.737911302,14.10758226,10.1925608,14.65608011,11.00515021,9.815164521,6.132188841,5.274678112,3.333333333,97.01917024,-65.74334764,129.8908441,25676,19,54
2.666666667,0,0,1.381890888,4.447586404,8.787203656,18.73607541,5.51756641,4.233933162,1.6520994,0.666666667,1.686375321,49.77606398,0.661239646,0.333333333,0.421022565,3.231362468,9.321051128,10.36475293,8.36075407,9.448443302,4.549271637,2,0,0.333333333,49.02456441,-0.751499572,49.4003142,14797,20,14
1.605255641,0.41302485,0.387032276,4.071122536,5.567552128,21.49443016,29.4055984,12.30676949,6.823479006,1.333333333,0.387032276,1.700656955,85.49528706,0.709797201,0.333333333,0.44073122,3.297057983,20.86461011,17.01856612,17.28049129,18.42702085,5.660382748,1.333333333,0,0,85.36532419,-0.129962868,85.43030563,16739,20,26
2.666666667,0,0,0.811034877,4.651515152,6.728416238,17.94739851,5.159519726,4.149799886,1.112349914,0.318467696,1.114636935,44.6598056,0.568610635,0.333333333,0.825900515,3.115208691,7.112635792,5.395082905,7.144654088,5.803316181,5.613493425,1.028587764,0.159233848,0.159233848,37.25929102,-7.40051458,40.95954831,13770,21,11
1.666666667,0,0.333333333,3.333333333,4.752927735,19.74378749,24.50071408,10.30477007,5.266495287,1.039702942,0.333333333,2,73.27506427,0.333333333,0,0.420165667,1.823479006,10.72950586,11.13824622,17.04684376,16.29077406,4.73321908,0.996572408,0,0,63.51213939,-9.762924879,68.39360183,16746,21,18
8.666666667,5.666666667,5.369894316,16.15595544,12.25449871,26.0297058,26.03970294,13.78491859,10.52442159,11.82547843,5.676949443,8.974578692,150.9694373,5.293916024,3.150814053,4.877749215,6.223650386,16.39560126,9.673521851,12.45586975,12.59582976,9.961153956,4.452442159,5.332190803,3.263067695,93.67580691,-57.29363039,122.3226221,25233,21,33
1.666666667,0,0.333333333,3.333333333,4.980291345,20.11739503,25.34275921,10.64267352,5.614395887,0.8986004,0.333333333,2,75.26278206,0.333333333,0,0.333333333,1.95087118,11.69037418,12.0157098,17.71265353,16.85118538,5.015138532,0.796343902,0,0,66.69894316,-8.563838903,70.98086261,16745,21,38
2.843053173,0,0,1.133218982,4.666666667,7.450829045,19.03344768,6.066895369,4.333333333,1.91995426,0.80217267,2,50.24957118,0.333333333,0.22212693,0.894511149,3.152086907,9.715265866,5.606060606,7.729845626,10.21012007,4.444253859,2.29245283,0,0.333333333,44.93339051,-5.316180675,47.59148085,15122,22,21
3,0,0.058604917,1.583190395,4.666666667,8.367638651,19.72612922,6.632361349,4.574614065,2,0.735277301,2,53.34448256,0.333333333,0.333333333,1.097770154,3.763579188,10.08147513,6.388507719,8.304459691,11.83790738,4.997998856,2.882218411,0.034305317,0.333333333,50.38822184,-2.95626072,51.8663522,15450,22,22
2.333333333,0,0.28583691,2.333333333,5.563948498,14.33333333,25.41602289,8.57167382,6.190844063,2.12074392,0.333333333,1.956223176,69.43862661,0.666666667,0.333333333,0.420600858,2.509585122,16.87782546,11.54592275,11.17968526,13.65379113,4.28583691,2.241773963,0,0.325608011,64.04062947,-5.397997139,66.73962804,15467,24,55
2.214574899,0.362753036,0.333333333,3.694466937,5.889068826,18.25748988,28.75465587,10.78488529,6.69608637,1.333333333,0.514709852,0.759244265,79.59460189,0.419163293,0.392442645,0.724966262,3.087989204,21.04534413,14.70067476,14.38218623,16.42564103,5.193522267,1.607557355,0.181376518,0,78.1608637,-1.433738192,78.87773279,15797,27,16
3.306198229,1,0.812339332,5.437874893,6.742073693,24.13396173,33.21822336,14.63753213,8.058554699,2.391888032,0.666666667,2.129391602,102.5347044,1,0.809483005,0.624678663,3.966009712,24.94887175,21.99885747,21.96029706,21.52842045,6.361896601,2,0,0,105.1985147,2.66381034,103.8666095,17344,28,22
2,0,0.333333333,2.516990291,5.333333333,16.64563107,28.01375405,10.3425027,6.51429342,1.450647249,0.333333333,1,74.48381877,0.333333333,0.333333333,0.360841424,2.333333333,19.13403452,12.06769148,14.30960086,16.27696872,4.769687163,1.744875944,0,0,71.66370011,-2.820118662,73.07375944,15794,31,34
2,0.054935622,0.333333333,2.817739628,5.398283262,16.94706724,26.96108727,9.897567954,6.00658083,1.333333333,0.333333333,0.274391989,72.35765379,0.333333333,0.333333333,0.381402003,2.446638054,18.21001431,13.26437768,13.25779685,16.1602289,3.921888412,1.666666667,0,0,69.97567954,-2.381974249,71.16666667,15474,33,29
2.913886513,0,0,0.650983747,4.658112347,7.937268321,18.29569433,5.845451953,4.264898774,1.843170801,0.666666667,2,49.07613345,0.333333333,0.333333333,0.715141146,1.444254348,8.337610493,7.078699743,7.441402908,9.783005418,4.558597092,1.860849729,0,0.333333333,42.21956088,-6.856572569,45.64784716,14793,41,15
2.743655546,0,0,0.666666667,4.414599373,8.03421728,18.33875107,5.506986028,4.347305389,1.763330482,0.666666667,2,48.4821785,0.333333333,0.333333333,0.695181066,1.635585971,8.357285429,7.706301682,7.430852581,9.94724836,4.817792985,1.68976333,0,0.333333333,43.28001141,-5.202167094,45.88109495,14794,59,10
