system:index,Albedo_01,Albedo_02,Albedo_03,Albedo_04,Albedo_05,Albedo_06,Albedo_07,Albedo_08,Albedo_09,Albedo_10,Albedo_11,Albedo_12,ET_01,ET_02,ET_03,ET_04,ET_05,ET_06,ET_07,ET_08,ET_09,ET_10,ET_11,ET_12,Id,LST_Day_01,LST_Day_02,LST_Day_03,LST_Day_04,LST_Day_05,LST_Day_06,LST_Day_07,LST_Day_08,LST_Day_09,LST_Day_10,LST_Day_11,LST_Day_12,LST_Night_01,LST_Night_02,LST_Night_03,LST_Night_04,LST_Night_05,LST_Night_06,LST_Night_07,LST_Night_08,LST_Night_09,LST_Night_10,LST_Night_11,LST_Night_12,crop,ele,forest,.geo
00000000000000000018,0.39694151737094596,0.3889631295139204,0.2796577027658948,0.14171096865211255,0.11316995826712015,0.12126127335960278,0.12785464625551998,0.12396594545328715,0.12345158983899951,0.15424248047560102,0.27472720132040834,0.38760021388311783,6.6839923237884316,6.933567128061528,7.064168275917498,8.048472430001716,12.050681179604716,22.15491514614535,25.52123462506429,17.084357881613002,7.959164293480021,5.631990424658812,5.943538123540272,5.741900363308565,5686,266.68698684357486,272.24784202662664,283.45723649065246,291.6138669387511,294.3351813915993,294.47276022642154,295.1633044447301,295.96395437044555,292.54546785838204,285.18616491594406,275.54748183784886,268.14031561551184,257.4082409379319,259.3920184823557,265.60302737889555,271.20824356762813,274.78370407221854,278.72434921767075,280.75126944587004,279.91533748778915,275.4048354064582,269.38683614260646,263.5731417019952,259.04617613278157,44,2426.376177911798,20,"{""type"":""Polygon"",""coordinates"":[[[81.04552168696308,43.13888200276559],[81.09044154523298,43.13888198066471],[81.13536139942573,43.13888195770383],[81.18028129506142,43.13888194601304],[81.22520110905904,43.13888194462012],[81.22520110905904,43.318561419690184],[81.18028129506142,43.31856146793873],[81.13536139942573,43.318561454527625],[81.09044154523299,43.31856145358129],[81.04552168696308,43.31856145296871],[81.04552168696308,43.13888200276559]]]}"
00000000000000000019,0.39309347655028387,0.43729008419051335,0.33977629452616337,0.14451186125895346,0.13091431853289373,0.139161831143193,0.13656951757073507,0.13025833575202786,0.12671905624655078,0.15654441977840705,0.287075619576047,0.3739591473526909,6.356602350463491,5.771840849307145,4.924298978208019,7.936020798598499,18.202311797331056,23.715805595396372,19.270316318301266,11.147204343538279,5.5972777446858375,3.9249875714353197,5.273678187188778,5.458067510592351,5779,265.3178375895311,269.3116520961062,282.64232785643367,295.1058672037421,298.3669358934247,302.7126822215723,305.73549223017153,305.8437303590506,298.9388239180037,287.9841193460187,274.99935009451735,266.8627559799039,261.1675981298725,263.0748686356254,270.90224991516607,277.7516586492278,281.48607732062425,285.74082358155823,287.6708519120153,286.1566265567573,281.0901412520093,275.1825401857613,269.1863953316459,262.8535509150894,115,1517.158319870759,20,"{""type"":""Polygon"",""coordinates"":[[[82.12360302695353,43.318561476894146],[82.1685228512746,43.31856142746804],[82.21344272675361,43.31856142955128],[82.2583626054625,43.31856148734032],[82.3032824391526,43.318561458495225],[82.3032824391526,43.49824091061185],[82.2583626054625,43.498240916222436],[82.21344272675361,43.49824091022628],[82.1685228512746,43.498240961427676],[82.12360302695353,43.498240919651316],[82.12360302695353,43.318561476894146]]]}"
00000000000000000011,0.28134648030942633,0.2702621058307334,0.2559188253520878,0.2527643583730346,0.24742468385963992,0.2399231489244664,0.23479100772030068,0.23391826255767548,0.23265399264988154,0.238541203068295,0.25104269422209946,0.26212682113133273,5.845549250730129,5.278456966805804,3.1798124180398264,2.0850674488952903,2.3905514384715576,2.9119556003876075,3.657842937331612,4.6860158041998945,4.4912030538797465,3.9746232817117666,5.2470488774109025,5.666066955492767,1670,278.29974333602365,287.8911537895222,298.28810018285924,307.49275345413156,312.70128191141947,317.1798231991427,318.9295134109877,314.6218458758668,307.27787376206606,298.34850019382924,288.10262725651074,279.05218503997605,255.6646557584553,260.67699180355754,268.4853883942035,274.8606919514341,280.4539807192747,286.44382259077383,289.61796132665467,287.816493646784,280.91925411005576,272.65347913664255,264.37640119803376,257.1923729530998,26,1438.3168044077136,21,"{""type"":""Polygon"",""coordinates"":[[[102.60712131631414,38.28752271609299],[102.6520412276256,38.28752274449724],[102.69696104880846,38.287522761918844],[102.74188094088363,38.28752273822681],[102.78680080218007,38.287522751129224],[102.78680080218007,38.46720223345397],[102.74188094088363,38.467202189247644],[102.69696104880846,38.46720218388499],[102.6520412276256,38.46720221883026],[102.60712131631414,38.46720216633508],[102.60712131631414,38.28752271609299]]]}"
0000000000000000001d,0.3351018264996268,0.3257568381546954,0.25434217480807914,0.13859985630401578,0.10473875251471873,0.1095702361234216,0.10889046511833264,0.10680877284953035,0.10809277702649185,0.13379863485840876,0.2540919163384723,0.3232024962371141,5.697437985430224,6.605182301001752,7.978796779090515,7.874613346905769,11.463206826477395,16.900399564765376,16.322987716763002,10.925373818190842,6.387238878320042,5.417526683251005,5.95946679483421,5.0340981996755705,5995,263.77152140046735,268.4861487875804,279.1176356943787,290.3820048812438,295.4168121589537,299.4329591100595,301.0671991811175,300.2817923048859,294.3834778626997,284.2436238014179,272.27082545273515,264.534981100924,258.05883985629407,260.42635270756233,267.77153540874434,274.780246349289,279.32854623261574,284.8914561537724,286.52026884017255,284.7531894057354,279.1640147786373,272.584167812697,265.4540677248659,259.8487420603014,38,1827.4308422791075,22,"{""type"":""Polygon"",""coordinates"":[[[90.02952226127728,43.677920393135736],[90.07444212465658,43.67792037628273],[90.11936197940136,43.67792040110238],[90.16428187157592,43.677920394288265],[90.20920177725569,43.67792042886711],[90.20920177725569,43.857599860118064],[90.16428187157592,43.85759989528907],[90.11936197940136,43.857599902352135],[90.07444212465658,43.857599881440194],[90.02952226127728,43.857599905590995],[90.02952226127728,43.677920393135736]]]}"
0000000000000000001f,0.5375994883124158,0.5087111392174357,0.41273471048540844,0.19798760632196788,0.12041087143818333,0.12994235437811671,0.1272582278313158,0.12241003408102877,0.12545101360203284,0.19216877793207865,0.38633385190433134,0.5241605065771361,5.912220858115128,6.841183153750649,7.336373404658614,7.708648922411582,14.599548462845458,25.03303834391452,20.24006109749684,11.36649341476304,6.062383081374968,5.101087422902868,5.918351649684747,5.8384281090071894,6201,264.6991334068824,268.0934723785941,277.52788310056974,288.71212291124937,293.24605299032424,296.1751239384678,299.33147924981876,300.4012014534143,294.6226043093633,284.1956104083605,272.76510161005393,265.99377658447173,259.26912035314507,261.2338110805846,267.7908643923615,274.36834137896545,278.853523049493,283.1728149147677,285.16490539186844,284.02654632771765,278.9333451025239,272.4911576747057,265.74093480063533,260.9258837285953,24,1975.524394347241,22,"{""type"":""Polygon"",""coordinates"":[[[81.04552168696308,44.216963282422036],[81.09044154523298,44.21696329979053],[81.13536139942573,44.21696332047145],[81.18028129506142,44.216963284781194],[81.22520110905904,44.216963263523716],[81.22520110905904,44.39664274063095],[81.18028129506142,44.396642801672236],[81.13536139942573,44.396642805591846],[81.09044154523298,44.39664275340706],[81.04552168696308,44.39664277605757],[81.04552168696308,44.216963282422036]]]}"
00000000000000000020,0.6142630873055547,0.6275514469811084,0.3897092476943599,0.20061232473039983,0.17263028065380073,0.14548684142695445,0.17057565566947339,0.180786881234963,0.18215231530180612,0.1945110519670286,0.2756808507739617,0.5667198833498753,,3.1,4.380993762840892,3.3149074949761625,4.079864902972846,11.460947716860296,18.914021948206067,8.802908374636802,4.6186843339019035,4.077342305148899,4.943854821947626,6.0,7186,255.9760131816545,262.11111557786677,282.831199039431,300.2644592841876,305.4954328077613,305.69304933920955,306.20865552373806,306.1996825209214,298.22347022091776,287.55243160859277,274.4199155743654,259.33418290943075,246.43565407462535,250.8196186702525,264.9829306847374,274.6181502595689,281.206013699068,288.59161040034013,289.0410542191685,285.48919370815764,277.9814710783497,269.49967212951043,261.4743863626981,250.98001422955107,34,491.2459658467805,22,"{""type"":""Polygon"",""coordinates"":[[[87.514000703316,47.27152335338378],[87.55892058561989,47.271523343830324],[87.6038404448083,47.27152329901636],[87.64876025224184,47.27152329303826],[87.69368014759868,47.2715233288168],[87.69368016553256,47.45120278702862],[87.64876031786262,47.45120279166146],[87.60384042208138,47.451202830628425],[87.55892050533726,47.45120282953877],[87.51400067022252,47.45120279052573],[87.514000703316,47.27152335338378]]]}"
0000000000000000000c,0.2186573766878182,0.2194293115969164,0.17798924802051166,0.14735681987112584,0.13608921454715145,0.13282941945920482,0.1338666169091915,0.1335802354524091,0.13123763176791975,0.14482376163632046,0.1986938318683437,0.22198976635661805,6.890052517635847,8.143485512627104,8.96846739760478,9.495477810561058,10.284973483707702,13.785915403179228,18.258688323106178,15.894549683841383,11.291104638124002,8.375620711277273,7.326833864115708,6.317238660285929,1535,272.25772988011147,278.29917012494906,285.7826905719426,292.5063531694535,296.76134205675794,298.7257176676932,299.572653679182,297.0164669347595,292.16849519457,285.9925525756767,277.86979634035356,272.03566121258655,255.49308990074204,257.0864790850059,262.5811949432021,267.98303235326887,272.5998030421087,277.19509555626763,280.60698735760764,278.86668164258447,273.9662121226582,268.0014593693454,261.9722106787425,256.9643805111964,125,3063.1545825208286,23,"{""type"":""Polygon"",""coordinates"":[[[101.34936051232864,38.10784325246513],[101.39428038152539,38.10784321505478],[101.43920030842933,38.107843240628604],[101.484120185304,38.10784324897674],[101.52903999121844,38.10784323105126],[101.52903999121844,38.28752272396123],[101.484120185304,38.287522683262445],[101.43920030842933,38.28752269948274],[101.39428038152539,38.287522702288335],[101.34936051232864,38.28752269225071],[101.34936051232864,38.10784325246513]]]}"
0000000000000000001b,0.21749657162712085,0.20751783987889247,0.17156727110046438,0.11590859262339231,0.08536393931657119,0.08375799258202284,0.08588674527496779,0.08423592053057184,0.08540411878831683,0.10533874002454371,0.1563205857227764,0.21062753254045535,5.8772049434215194,6.516003290990474,6.521414372302013,6.655994783020625,9.326989193538758,14.049038309966358,15.843898242057357,11.730073897315604,6.403753045512392,4.832294003160563,5.817136317498563,5.21308298842177,5989,264.56822835836044,269.5368675486582,277.7665212595541,285.4905084941541,290.7225498507268,294.41789588679956,294.93507487122156,293.94715968538276,288.90885218592194,280.6431389945885,271.9273957181911,265.48588795274145,258.5490276746889,260.53324081102863,266.1818021055841,272.0943006920682,276.04153889858543,281.0998812986994,282.8768761380508,281.59873714946946,276.6328478807088,270.6383244185011,264.79458816286586,260.195378578024,119,2234.0153508771923,24,"{""type"":""Polygon"",""coordinates"":[[[88.951440988667,43.677920389037055],[88.99636082339127,43.67792040697099],[89.04128072503141,43.67792038355682],[89.08620054662141,43.67792039161677],[89.13112043160604,43.67792043320877],[89.13112043160604,43.85759988822954],[89.08620054662141,43.85759985546927],[89.04128072503141,43.857599859632515],[88.99636082339127,43.857599898661114],[88.951440988667,43.85759990000189],[88.951440988667,43.677920389037055]]]}"
00000000000000000014,0.32789816473525607,0.34330649540887953,0.23354832292374497,0.2211957106425318,0.1915504840494212,0.1748828479326581,0.16701972783352997,0.14805879980269285,0.15630521376698592,0.18342799662741985,0.20357324734478413,0.21454953799324702,5.900045683487528,3.938654652708533,0.8960220976053646,0.7040208870864475,0.9578303026413904,1.2733612379182,0.979057367630084,0.855795738820928,0.9334235693332961,0.830405107955989,3.244604883221458,5.836318178697504,3473,276.31717422522024,283.71026185873853,294.66924277707824,303.4999644070202,309.25031328671326,312.7190064410855,313.27338789269874,308.29013301253127,302.70612893981945,295.65628985564376,285.43185539399633,276.8637316673529,258.33791898335113,264.08367200598263,272.12118676892385,278.61196061814553,283.414058650802,288.8037648796604,291.48550947023415,290.67742499568647,285.67752552380955,277.1473856942497,269.0296681112315,261.47613218608444,50,1032.72,25,"{""type"":""Polygon"",""coordinates"":[[[80.68616272212861,40.2640014290451],[80.73108261490903,40.26400143918377],[80.7760024621236,40.26400140755865],[80.82092231256799,40.264001424358014],[80.86584221456292,40.26400142499108],[80.86584221456292,40.443680881292934],[80.82092231256799,40.44368087193818],[80.7760024621236,40.44368092738218],[80.73108261490903,40.44368088074585],[80.68616272212861,40.443680873291406],[80.68616272212861,40.2640014290451]]]}"
00000000000000000016,0.2160329828857447,0.22966659202804457,0.23709233783058015,0.18433845515077943,0.10315645988550357,0.09607278076349376,0.09931658759919262,0.09185711392585266,0.08913067963771559,0.11862222739095304,0.18389576912143032,0.21785523984278926,5.980641851851488,6.763901439487767,8.118589443838772,8.915130906309699,12.128155790503701,19.125601476267803,21.659939167124307,15.047412185911385,8.13305020065203,6.261468529832104,5.982807791261222,5.235020158724857,5388,263.1474961608795,266.59504923478045,275.63413693804625,284.6297755073797,290.04199963402266,292.61296571333986,293.5966115804523,293.66770342171884,288.68256728556184,279.9180005808314,270.4004393667757,264.3455673000568,257.98835823453845,259.3547147294666,265.517015032618,271.4900023355518,275.1580786155478,278.7897775118427,280.8931404483582,280.28641675699413,276.0819340825794,270.05665308814224,263.97332101225993,259.82000487114544,110,2571.718946047679,25,"{""type"":""Polygon"",""coordinates"":[[[80.68616272212861,42.59983908139181],[80.73108261490903,42.59983912193549],[80.7760024621236,42.59983908303703],[80.82092231256799,42.59983912590048],[80.86584221456292,42.59983911506273],[80.86584221456292,42.77952304691992],[80.82092231256799,42.77952300242496],[80.7760024621236,42.77952305374838],[80.73108261490903,42.77952304034551],[80.68616272212861,42.77952302313274],[80.68616272212861,42.59983908139181]]]}"
0000000000000000001c,0.2138119691988138,0.2103525659929172,0.17485985492849945,0.11770454915909821,0.08719837967473491,0.08565674734270853,0.0865116577747403,0.08460152095411871,0.08639746291982267,0.11189203264999027,0.1670824294958789,0.2076673352386494,5.650835911737585,6.584989730087613,7.100029643431247,7.375245394757087,11.546778777506644,16.773562178966362,17.845023540010782,14.295443061469918,7.751271667561162,4.830210244793856,5.573715882120635,4.953899642979391,5990,264.60016638839113,269.08039273600616,277.3040342779625,285.7323751262192,290.8891870258989,294.55650442735487,295.5749477611619,294.6941195883334,289.3276530662228,280.6925516458951,271.99382031628124,265.72663983405175,259.27903897219335,261.28442657065875,267.1166223522579,273.34905474168806,277.277257248875,282.3933756166868,284.0800578086985,282.815468337856,277.70382640028186,271.6955534658697,265.689148592987,261.10464097031615,98,2130.2237849017574,25,"{""type"":""Polygon"",""coordinates"":[[[89.13112043160604,43.67792043320877],[89.17604030367762,43.67792043539013],[89.22096015825922,43.6779203989364],[89.26588006210049,43.67792039820106],[89.31079993564184,43.67792043335711],[89.31079993564184,43.85759988884334],[89.26588006210049,43.85759992130465],[89.22096015825922,43.857599920160354],[89.17604030367762,43.85759988523905],[89.13112043160604,43.85759988822954],[89.13112043160604,43.67792043320877]]]}"
00000000000000000001,0.17033327658781838,0.18255701071076225,0.14969072443027237,0.13833408632676003,0.1354862603899156,0.13445449127749162,0.13369542301644174,0.13329158848631265,0.1272188327266423,0.12649431026742464,0.14746892955936097,0.15613009898509,7.159657051679232,8.48886616019324,8.89531255791605,8.876778310194656,9.15822841567546,12.47922795327701,17.67964673393674,15.780925186208812,11.346388003867908,8.710360261906919,7.61786828862813,6.494521387257238,738,275.5003808355304,281.8453552660283,289.02344865604243,296.2943262286217,300.9444983173969,302.1140084003331,302.3965650438334,298.77355835420474,292.6487411503263,287.35787515900165,281.13546494043584,275.5587168370547,255.54520499552868,258.4734179011342,264.10902664189945,268.9131431600413,273.65071435411846,277.6132655156182,281.1385783994247,279.4454309566055,275.05856709248803,269.5900642832703,263.1542558209852,257.1473478648441,32,2831.695931477516,28,"{""type"":""Polygon"",""coordinates"":[[[102.96648028087594,36.850082445952495],[103.01140013660053,36.85008242743623],[103.05632005770474,36.85008241691668],[103.10123985586984,36.85008242251717],[103.14615978264297,36.85008248401168],[103.14615978264297,37.02976192999255],[103.10123985586984,37.02976196143226],[103.05632005770474,37.0297618904841],[103.01140013660053,37.0297619191791],[102.96648028087594,37.029761958860085],[102.96648028087594,36.850082445952495]]]}"
00000000000000000017,0.3039635131292457,0.3169884292109692,0.28429846061435526,0.18504627272675,0.11287791904492372,0.11459108005526226,0.11510636492555935,0.10746829679148108,0.10805411771133548,0.14756699854515395,0.2523950735363498,0.2981448939845557,6.240013454825115,6.755907589249883,7.445063146456709,8.209002550882007,13.282122225131806,23.01652931500764,23.46982501671301,15.59706033380136,8.29588175218622,5.67291561436712,5.898085791449142,5.487032704892364,5507,264.5166401600261,268.3690809672061,278.46119607809277,287.6036269846071,291.57703812611817,293.490265975064,295.23847144500854,295.6806733695346,291.24554293312997,282.74681103721167,272.68431006465164,265.6315806931492,257.8386331734312,259.41284870123917,266.10401934044825,272.31013517340926,275.8163456084549,279.25923193312013,281.46255440042063,280.75370175672316,276.5173648425678,270.43102116160145,264.106993900499,259.5687943047632,20,2447.5838272650285,29,"{""type"":""Polygon"",""coordinates"":[[[81.22520110905904,42.77952300490466],[81.27012105426513,42.77952301566237],[81.31504092285223,42.77952305114299],[81.35996075881363,42.7795230492495],[81.4048806056472,42.77952302166091],[81.4048806056472,42.959202534147295],[81.35996075881364,42.9592025255405],[81.31504092285223,42.95920249308341],[81.27012105426515,42.95920249877029],[81.22520110905904,42.9592025307514],[81.22520110905904,42.77952300490466]]]}"
0000000000000000001e,0.14327322102534215,0.1547691280137598,0.12894664806310663,0.09735064120937675,0.07441479055935298,0.07184809282951984,0.07134147560556506,0.0691506010370067,0.06626417267317272,0.06346715962681307,0.08212385945722228,0.12919915659685377,5.759010582394889,5.942186055807167,6.2246577099577065,7.856762869431434,10.65682704101316,13.855829180245648,14.612835115908798,11.120459309804009,6.825626793588644,5.31085304178539,5.853310607788406,5.360078683991246,6055,263.7150186555622,267.66101443630737,276.19369021580235,284.2709944934278,289.20596885832083,293.92740324216163,295.3749538758569,293.9042059411296,287.6727830082428,279.45432747897286,270.8269459711091,265.057968507,260.03005685893277,261.78116880374597,267.4476696058888,273.47601283205444,277.7804371406701,282.5919136272263,284.34340949071077,283.2185544864815,278.22139531183757,272.2733484539743,266.2470951762613,261.8086981352568,54,2194.7744653272844,30,"{""type"":""Polygon"",""coordinates"":[[[85.35784251124284,43.857599887082365],[85.4027623276835,43.85759990367993],[85.44768222527085,43.857599893188436],[85.49260211973139,43.85759985650762],[85.53752200494844,43.85759987042714],[85.53752200494844,44.037279394954155],[85.49260211973139,44.03727933867485],[85.44768222527085,44.037279335406524],[85.4027623276835,44.0372793811041],[85.35784251124284,44.03727940238936],[85.35784251124284,43.857599887082365]]]}"
00000000000000000022,0.5066804177619595,0.5297867973409797,0.41137723392687203,0.16642178136460814,0.14590328937268743,0.1462495274177235,0.14927141710649403,0.14941792071276613,0.15354085875600076,0.17223549432711874,0.32022946909728056,0.49309701279456525,5.538521873619088,5.668630693630693,4.728930331314493,4.827743587285319,12.239828358741837,22.541348137374776,27.635147364053648,19.22232434775429,7.41683625170897,4.17141002348595,4.7977780252252105,,7289,257.47219059656084,262.7488690934766,277.93474851475145,294.59753280138034,300.49680884300426,304.32652477285177,302.73101145246704,301.3592333270918,295.05756485210713,285.1594370567361,271.6639249881183,260.43945974818325,252.3358711706816,254.81270870151386,266.22580349048025,275.42380901796764,281.09675286308453,287.13183116504814,288.372873001467,285.52260426570354,279.3382117174736,272.3496447520996,264.1291049995953,256.0563401520925,103,518.9384081902245,30,"{""type"":""Polygon"",""coordinates"":[[[86.25623985495001,47.99024125140247],[86.30116083512621,47.990241227040016],[86.34608181812324,47.99024122004098],[86.39100280184735,47.99024123041928],[86.43592378378888,47.990241258178216],[86.43592379503849,48.16992071403894],[86.39100283008797,48.16992068937204],[86.34608181704282,48.16992067521872],[86.3011608425322,48.169920674224855],[86.25623990706805,48.169920686370574],[86.25623985495001,47.99024125140247]]]}"
00000000000000000005,0.17786557643954876,0.21523437547869306,0.19128841066627056,0.1318086652423785,0.12349710814457071,0.12819201528409796,0.13650064020558714,0.13374195522106663,0.1223600698496205,0.12785318399683437,0.19158763305666882,0.1970356151446506,7.159796562862163,8.002076103625999,8.052422724606192,7.900396739134288,8.796646171916072,16.26864183250569,25.51124271972557,19.08408092465721,11.535310223263368,8.445710087875122,7.313156963118283,6.484870376432151,951,273.18062464747607,278.28877124341193,283.132133063967,289.3839034580769,294.3657177169501,296.06700347171045,296.2153825591238,294.41392164101256,290.46776276318496,284.887257016991,277.1026843801361,272.7049018242564,255.57929696183461,257.5706683987575,262.78348047249324,267.8297875821517,272.1601917571268,276.5079329230161,279.948001177834,278.5392286528445,273.9429698944162,268.33648664826273,262.15091904917455,256.83326697047653,153,3098.606542882404,32,"{""type"":""Polygon"",""coordinates"":[[[102.78680080218007,37.209441388352744],[102.8317207066142,37.209441402043915],[102.87664055286348,37.20944141383214],[102.92156041532455,37.20944140291234],[102.96648028087594,37.20944143836399],[102.96648028087594,37.389120905510836],[102.92156041532455,37.38912087347851],[102.87664055286348,37.389120890601816],[102.8317207066142,37.38912088801555],[102.78680080218007,37.389120886555155],[102.78680080218007,37.209441388352744]]]}"
00000000000000000021,0.5561533210552605,0.5721252956385114,0.36156735384802363,0.18536745946325042,0.1654779432559834,0.152454532332402,0.16862023456382483,0.17209930763097683,0.17274892497204714,0.18361282026903852,0.2704161539982783,0.515910074803465,,3.629411764705883,4.326096893362743,3.4031011621799254,4.920197479519526,12.633890842209357,16.700367188088524,8.11085090050195,4.245910523587601,4.017826469736681,4.892063551769218,6.200230414746544,7187,256.7601897441165,262.741370843795,282.9623760136694,300.3172588001329,305.5326947557126,306.87282353769604,307.73851481131595,306.9539047152085,298.60359489344705,287.57943749414756,274.1400422203005,260.06101263549203,247.23652740599724,251.33275232956208,266.02533250676527,275.6161040895303,281.8814185149147,288.6206745308839,289.59399885416826,286.4635650434142,278.9086338632724,270.42934046161844,262.014124279957,251.51434608053597,57,502.28014307142024,35,"{""type"":""Polygon"",""coordinates"":[[[87.69368014759868,47.2715233288168],[87.73860003220113,47.27152332977106],[87.78351988196171,47.271523295507365],[87.82843974758396,47.271523301669774],[87.87335960419398,47.27152334783111],[87.87335964242266,47.45120282515151],[87.82843978675511,47.45120283747408],[87.78351988150582,47.45120280953989],[87.73860002543896,47.451202818027795],[87.69368016553256,47.45120278702862],[87.69368014759868,47.2715233288168]]]}"
00000000000000000015,0.41225970746206064,0.3601490616705633,0.21767990264744091,0.2178121352320757,0.21535120317570286,0.21131908443355532,0.21440042376878474,0.2096111549096662,0.20801843791466196,0.22944120845606558,0.24223770784250967,0.3830591174083192,6.400956178977273,4.401771436245945,0.8865297732759139,0.6088381053055156,0.7860481997408367,1.1945844977807003,1.1040469460227273,1.0202804889261863,0.9777847416626094,0.8586078528413225,3.0834659867491223,5.873168436020253,4164,276.13178265797353,286.5171167132823,298.20505302286097,306.40319874289287,312.4527915996717,318.64419898619565,319.7974401259611,316.3489124779729,309.0592148848909,299.24773043414365,287.5077020433682,276.2497668784568,254.8245679355036,262.65397848789263,272.06481118535567,278.94760478377236,283.4148610195245,288.39827124722916,290.7079171303422,289.3320168489887,283.18050455077935,273.5903011875438,265.11421157800487,256.6150716263443,21,936.2044690313486,37,"{""type"":""Polygon"",""coordinates"":[[[84.1000816922564,40.982719307092694],[84.14500155163884,40.98271933111664],[84.18992146523927,40.982719348989654],[84.23484128430367,40.982719358738834],[84.2797611812742,40.982719374510864],[84.2797611812742,41.16240330682787],[84.23484128430367,41.162403297287945],[84.18992146523927,41.16240329887868],[84.14500155163884,41.162403297443035],[84.1000816922564,41.16240329495749],[84.1000816922564,40.982719307092694]]]}"
00000000000000000013,0.1694398265186982,0.1785638076391513,0.18300981166447836,0.14302555832275834,0.12837693795891866,0.12104689618442417,0.12228084114232354,0.11994004659696014,0.11481753218664924,0.11792977283416252,0.13310612782293293,0.16144551144480287,6.743756414622253,7.604983555075857,7.836583899956371,7.638996996774052,8.189149592207487,10.854430971021007,15.72260251833138,13.946234344468747,10.099160103433897,7.875280343360387,7.117682465542162,6.278960936902192,2286,268.3253851756201,273.66612422898316,281.9443155130492,289.02098668806184,293.9942059893533,296.65490573665693,297.8211568207978,295.3891654909132,290.460771311949,284.03309368562833,274.74667653253925,267.7663526574547,253.9010250119266,255.927187448728,261.2716765867883,266.71413453623046,270.94939377601963,276.16462508647277,279.18618778306285,277.6930946541914,272.84066719851955,266.1225883997656,260.19200416700534,255.12650208249102,32,3192.3531997546506,39,"{""type"":""Polygon"",""coordinates"":[[[99.19320233172603,39.00624063950979],[99.23812220045158,39.00624066489228],[99.28304211266239,39.00624062302616],[99.32796194806689,39.00624067240433],[99.37288184054394,39.00624063557458],[99.37288184054394,39.185920088073125],[99.32796194806689,39.185920097639496],[99.28304211266239,39.185920104674686],[99.23812220045158,39.185920128874436],[99.19320233172603,39.18592009084975],[99.19320233172603,39.00624063950979]]]}"
00000000000000000010,0.1995897504824201,0.20937184459271546,0.1847721974325587,0.15512256841282104,0.14119718428647973,0.13472553143771132,0.13423822183319026,0.1337054542435137,0.13116012582744652,0.14036300245968103,0.17233193989669768,0.1939265903014281,6.679592075115132,7.288376305193894,6.475785431838369,5.78088948998866,6.023982463179687,9.236947568328024,14.177007740854746,12.191132698115922,8.307065846264726,6.511267795168184,6.5604489441698774,6.161084440903141,1663,273.31603787197724,278.34919310554443,284.9576575104155,291.16385089703147,295.8002031251969,298.0708784808794,298.88499376213935,296.55575124328135,291.64608354706616,286.33165175299825,278.61711622681,272.87611812777106,255.03348293496978,256.6031815116334,261.68232788403446,267.0049568602514,271.10348395469765,276.0557719155814,279.2477979425086,277.7664353238085,272.7909415000148,266.9364442061602,261.2366620206958,256.61160088878387,26,3155.7835623678643,45,"{""type"":""Polygon"",""coordinates"":[[[101.34936051232864,38.28752269225071],[101.39428038152539,38.287522702288335],[101.43920030842933,38.28752269948274],[101.484120185304,38.287522683262445],[101.52903999121844,38.28752272396123],[101.52903999121844,38.46720220399847],[101.484120185304,38.46720221445415],[101.43920030842933,38.467202206087784],[101.39428038152539,38.4672021879653],[101.34936051232864,38.467202239864825],[101.34936051232864,38.28752269225071]]]}"
00000000000000000003,0.16737975759685175,0.21733832438473458,0.18854774629627563,0.12537013521888588,0.11442989039245098,0.11556204944125842,0.1253332546394001,0.12474032660391944,0.11687290643985154,0.12628420478379507,0.17626986042073856,0.17074801977799145,7.239992679188764,7.919975016995591,7.640113970815054,7.537882959395371,8.423103016523832,14.515500638948426,22.63793538573307,18.33065833880421,11.500199002982319,8.440702752398284,7.389593340420551,6.54303356620735,842,273.3085371493645,277.56008285107634,281.49860333728714,286.13918893006905,291.2127098485087,294.1083946164195,294.6186076927691,292.95373811618117,288.99501857315454,283.40461336094023,276.46879267722926,272.7833768376333,254.90457368685753,256.5565961622823,261.74693942918066,266.6379315639619,270.7574297196232,274.68396372408455,278.2573290371383,276.99547837049033,272.6591189929079,267.06366895108573,261.25107116385476,256.20486041979217,31,3385.678641155799,48,"{""type"":""Polygon"",""coordinates"":[[[102.96648028087594,37.029761958860085],[103.01140013660053,37.0297619191791],[103.05632005770474,37.0297618904841],[103.10123985586984,37.02976196143226],[103.14615978264297,37.02976192999255],[103.14615978264297,37.20944138513507],[103.10123985586984,37.20944137818495],[103.05632005770474,37.20944143250356],[103.01140013660053,37.20944142851289],[102.96648028087594,37.20944143836399],[102.96648028087594,37.029761958860085]]]}"
0000000000000000001a,0.1856485165643979,0.1795776214845746,0.13628568446864045,0.10567344841728561,0.08565499035960675,0.07929341142724296,0.08002073756484814,0.07866130450891311,0.07965155350294449,0.09034134877985554,0.13533902668417463,0.185706914584424,6.115623245898,6.915846546744516,7.825199798970496,8.309830162797825,10.650342370494423,14.28853282850437,15.109100125724849,11.51976146625212,7.296577622149567,5.622184973627451,5.91247677845299,5.393860410505227,5808,265.22959391408943,269.5342757114487,277.7861742745289,285.5342833409193,290.57423841783714,294.8614961021799,296.5007666838128,295.40122685235315,290.13680405134244,281.6687588306874,272.7246717556344,266.16116442894196,258.7519140034942,260.83595326193694,266.58644634588944,272.42622939761293,276.29690493562725,280.8023910226589,282.9608928159851,281.720498853471,276.9541744504481,271.0527947801663,264.9308083199175,260.37124069919895,50,2343.93596706377,51,"{""type"":""Polygon"",""coordinates"":[[[87.33432121415326,43.31856145057478],[87.37924107320472,43.318561486131365],[87.42416092138689,43.31856148407663],[87.46908079512697,43.31856144766373],[87.51400065430697,43.3185614520367],[87.51400065430697,43.49824090444235],[87.46908079512697,43.49824090730185],[87.42416092138689,43.498240954507004],[87.37924107320472,43.49824097117949],[87.33432121415326,43.498240954065906],[87.33432121415326,43.31856145057478]]]}"
0000000000000000000b,0.24683397841207066,0.29083946994382726,0.27935027188202255,0.16856693121357394,0.12894985036944628,0.11633369223918416,0.12578221185266214,0.12449853610628897,0.11760941402023505,0.14880447105699915,0.2536223240819236,0.2580148555806988,6.782681348798242,7.79117256554337,8.591925500021322,9.322953113138556,10.72408953430569,14.831181822943885,21.911104151199186,17.571779209084568,11.996620466437744,8.583890572881488,7.382784480947594,6.293827217092169,1533,268.5265728810397,273.4445733702034,279.72463678612405,285.27588744224676,290.8008753964306,293.2421277870809,294.55018437593674,292.45184852198133,288.53522650134,281.7073642730029,273.0224094564085,268.0968937660303,253.25606970344654,254.6961451259279,260.32131387248177,265.6818623502685,270.0030239871548,274.49635131275863,277.65473082454514,276.2056643848249,271.5308275807473,265.33139190010877,259.3695333640331,254.5680744738612,146,3350.8570643642056,52,"{""type"":""Polygon"",""coordinates"":[[[100.99000158336445,38.107843280578734],[101.03492141037219,38.107843258295894],[101.07984130055677,38.107843226785285],[101.12476123070476,38.107843257112954],[101.16968109143511,38.10784326923329],[101.16968109143511,38.2875227170062],[101.12476123070476,38.287522756521106],[101.07984130055677,38.28752270246755],[101.03492141037219,38.287522714131505],[100.99000158336445,38.28752272066703],[100.99000158336445,38.107843280578734]]]}"
00000000000000000008,0.13455418331747804,0.15206071174289726,0.1496944695187077,0.11274371574696515,0.10587937509457716,0.10896122358400744,0.11419502969301454,0.11241397589727525,0.10575495728145247,0.10554568404613249,0.1390785286777469,0.13444223231908442,6.902620524363189,8.057258450044783,9.144005808211395,9.929937030705121,11.241264838812787,15.567115754688503,22.344379541883757,18.346217789691906,12.456821799805669,8.936536324095034,7.155533880252529,6.028694466570978,1062,273.47400550770556,278.1108573460618,282.8053640226601,288.6688577265308,293.491861164274,294.96894059783193,295.3600896164751,293.69186558588154,289.5681508054461,284.6360318407831,277.90728990377187,273.2949501191397,256.56847667082246,258.7600031671672,264.2052501175618,269.2581375152589,273.4409932306256,277.3643897348926,280.8363746699584,279.26563726713675,274.720866408152,269.12536992707567,263.4048928483787,257.99486032166186,86,2944.5814044980657,61,"{""type"":""Polygon"",""coordinates"":[[[102.42744185142516,37.389120875267174],[102.47236171328235,37.38912087425954],[102.51728163187772,37.38912088129432],[102.56220150455286,37.38912089506566],[102.60712131631414,37.38912090492537],[102.60712131631414,37.56880035600706],[102.56220150455286,37.56880032376569],[102.51728163187772,37.568800370832896],[102.47236171328235,37.5688003478131],[102.42744185142516,37.56880033603272],[102.42744185142516,37.389120875267174]]]}"
00000000000000000012,0.1637090317764454,0.16263966029919197,0.1582002708576024,0.13214342567550005,0.11909804057774387,0.11538694979883365,0.11507136667564082,0.11475833840483313,0.11154062550800063,0.1196788968113276,0.14604355955588572,0.15960124036083662,6.346777930623977,7.162727419171557,7.04979938629373,6.8561033463406185,7.841022204405861,11.84592722485584,17.258980744139468,15.090150222194588,10.139330002592931,7.098348870564855,6.420634231255155,5.792021178543674,1797,272.2942915469075,277.45060758450416,284.55350127695334,290.78119081657894,295.56774221958557,297.4720405138773,298.462767492724,295.82501501079906,291.1113912755634,285.7576171515232,278.2899194708224,272.37057969603205,256.671165369268,258.5623856982895,264.08864713482035,269.6916436082201,273.84576687113787,278.6287439328058,281.4682264206996,279.76853887435215,275.14792219286187,269.0663456187952,263.2262173559308,258.1287861252201,55,2911.987178648525,61,"{""type"":""Polygon"",""coordinates"":[[[100.27128365735477,38.46720223626643],[100.31620355272487,38.467202213664685],[100.3611234069226,38.46720220675327],[100.40604327765551,38.467202200408735],[100.45096313730569,38.46720218703747],[100.45096313730569,38.64688166110569],[100.40604327765551,38.646881691588696],[100.3611234069226,38.64688171944281],[100.31620355272487,38.646881673097134],[100.27128365735477,38.64688164684981],[100.27128365735477,38.46720223626643]]]}"
00000000000000000009,0.13680968164000265,0.16010053434132251,0.15991713982202252,0.11136606484693597,0.10473773396233288,0.10553492600902076,0.10986283049370377,0.1081927836871349,0.10256745856783492,0.10537322822577276,0.13936528377033894,0.13750492685475077,6.573775127576082,7.567714111470422,8.432552636866065,8.953994055727403,10.271380681579675,14.766971886164002,20.4399798938286,17.275838999858884,12.020143871372174,8.535671141759856,6.869600515636621,5.879206932860332,1179,270.8346124571679,275.47562198087155,280.8385781884204,286.9822733801696,292.08100395461486,294.5015340098681,295.59275620832767,293.4859297554374,288.792650862873,282.783229621351,275.6959907454554,270.73253455676775,256.42044659779395,258.2493729705469,263.6554041679875,268.95589188156237,273.38857807075465,277.64933015112405,280.64837191358964,279.11367781997575,274.3229295932133,268.6775939991835,262.8602018731903,257.81962235024343,24,3071.7879814550656,66,"{""type"":""Polygon"",""coordinates"":[[[102.24776240783068,37.56880038563305],[102.29268223644922,37.56880036980948],[102.33760209726434,37.568800336534274],[102.38252197420705,37.568800355453504],[102.42744185142516,37.56880033603272],[102.42744185142516,37.74847986250224],[102.38252197420705,37.748479822631566],[102.33760209726434,37.7484798275847],[102.29268223644922,37.74847980798458],[102.24776240783066,37.74847985413837],[102.24776240783068,37.56880038563305]]]}"
00000000000000000007,0.11586206051234096,0.11918541211226405,0.11923582163213473,0.10110453368999785,0.0941992486537289,0.09752618329873149,0.1002106054407915,0.0988899338504221,0.09406418179053724,0.09498529551269023,0.10911234544420845,0.10982073922249563,6.57673284085202,7.225442569315987,7.339102891504539,7.236901219417526,8.416803837685007,14.455490798805812,20.637160309462022,17.12455384721647,11.11038741973922,7.811976712723622,6.725951685368972,5.950771545521516,953,272.87578670559833,277.40329742147037,282.2906010484038,287.74239363157534,292.6214140372782,294.79769552760666,295.7356706577022,293.6720462482697,289.5669425134079,284.1658973985563,277.85731982399153,273.05926678664497,257.52081803197433,259.70303049445283,265.00796408275477,270.2254761915609,274.56135088005357,278.2185705147186,281.4278019441645,279.8248368805213,275.34835005025457,269.855272529024,264.1199873025125,258.95196016292215,76,2960.7700262386165,79,"{""type"":""Polygon"",""coordinates"":[[[103.14615978264297,37.20944138513507],[103.19108070626822,37.20944142249697],[103.2360017354997,37.20944141640727],[103.28092268265246,37.20944137502417],[103.32584371242987,37.20944142709218],[103.32584371242987,37.38912088400597],[103.28092268265246,37.389120894572045],[103.23600173549971,37.38912092075658],[103.19108070626822,37.38912091433138],[103.14615978264297,37.38912086711827],[103.14615978264297,37.20944138513507]]]}"
00000000000000000002,0.15454856915857212,0.1824703409083268,0.1790530030282556,0.12002454115083876,0.11150513946205921,0.11555195015731048,0.12491627354773918,0.12432556612211845,0.11446379287770915,0.11473591788774636,0.15491010369549066,0.1478855155240273,7.483824329516623,8.60495329391906,8.787234276224236,9.318697061312188,9.983092733768217,15.21702745904894,24.03227165598058,19.06796018527543,12.26735844356439,9.130426363304798,7.7353485054822375,6.602026692007758,841,273.6477452932946,278.5130007356008,282.78169597466245,288.3533897786798,292.66429097102053,294.27512962230884,295.0626468605789,293.1674648990583,289.00696656180315,283.97523149573306,277.15345737244047,273.15832274375833,254.57512070256485,256.5635971102796,262.2019592558692,267.05765070445756,271.0810527690641,274.89802334056617,278.1839794182513,276.8772996784834,272.68733573230685,267.17290479958757,261.34124166498134,256.1519705333202,43,3232.6906523201087,83,"{""type"":""Polygon"",""coordinates"":[[[102.78680080218007,37.0297619171622],[102.8317207066142,37.02976191328213],[102.87664055286348,37.02976190435294],[102.92156041532455,37.0297619501522],[102.96648028087594,37.029761958860085],[102.96648028087594,37.20944143836399],[102.92156041532455,37.20944140291234],[102.87664055286348,37.20944141383214],[102.8317207066142,37.209441402043915],[102.78680080218007,37.209441388352744],[102.78680080218007,37.0297619171622]]]}"
00000000000000000004,0.15633190620681525,0.17200887259881642,0.15367091300375396,0.1243681064479051,0.11587993890769174,0.11867647669429822,0.12349334040999137,0.12236559246923648,0.11684208173491323,0.11872496461423301,0.1521131169124615,0.15659972391259921,7.067107105985401,7.798480805421729,7.870657429588712,7.636585562022395,8.61503228975645,14.258070932375038,20.635777352217318,17.117751506211114,11.31022674358913,8.221323176776073,7.22219343264501,6.356049084056427,843,273.92176665484453,278.5166813612676,283.2421619725153,288.44762823135517,293.3734537270772,295.6736059424998,296.2662732666365,293.944038571499,289.8273150143259,284.55729275869083,278.0512743282656,273.67289334493546,255.7455557194862,257.7766963331724,262.93043748630845,267.92531321655395,272.15198400445024,275.9126274227816,279.4047393583846,277.88059284230417,273.50617573076204,268.1281114353497,262.2357564373216,257.0324912315804,23,3185.46021435531,94,"{""type"":""Polygon"",""coordinates"":[[[103.14615978264297,37.02976192999255],[103.19108070626822,37.029761926742815],[103.23600173549971,37.02976195774839],[103.28092268265246,37.02976195064336],[103.32584371242987,37.02976195415373],[103.32584371242987,37.20944142709218],[103.28092268265246,37.20944137502417],[103.2360017354997,37.20944141640727],[103.19108070626822,37.20944142249697],[103.14615978264297,37.20944138513507],[103.14615978264297,37.02976192999255]]]}"
0000000000000000000e,0.20609859109396758,0.22598386744949617,0.1965450675938187,0.14987497950477496,0.12695249634669736,0.1181698193287383,0.11809751861781674,0.11641381753494273,0.11346821038651946,0.13192879688953005,0.18634403362647017,0.19808111051998012,6.264363948479618,6.792203289255779,6.416025244700339,6.201469401671333,7.388062067473068,11.999901917764541,17.828674669240172,15.130416901890898,9.838683279582826,6.826712611845137,6.302124441961836,5.774397247182075,1659,269.80584212382746,275.0234146984114,282.4197956828315,288.3099905800083,293.1761248169036,295.2298487627256,296.6622319735053,293.95355520019905,289.37566091151325,283.54859073310837,275.61581813839376,269.69404671489747,255.4183972878554,257.2147917943349,262.8693740758429,268.2407003000562,272.47009427550694,277.14087591107983,279.82812685229055,278.5569976444464,273.8539138186653,267.7206708467782,261.7872077151149,256.794587552337,71,3094.3636672710795,107,"{""type"":""Polygon"",""coordinates"":[[[100.63064260919002,38.28752276193068],[100.67556252435045,38.28752275613725],[100.7204823546521,38.28752276384544],[100.76540224649813,38.28752276123817],[100.81032208860465,38.287522748152234],[100.81032208860465,38.467202228717845],[100.76540224649813,38.46720219623743],[100.7204823546521,38.4672022368417],[100.67556252435045,38.46720219205777],[100.63064260919002,38.467202165046146],[100.63064260919002,38.28752276193068]]]}"
0000000000000000000f,0.18155568203162623,0.1904210958187915,0.1658196897522315,0.12631444385622465,0.11226753571076435,0.10880583502001938,0.11212373014820394,0.11117955969646016,0.10837095292352389,0.11311071494645578,0.15179028209731177,0.18586621571033396,5.9352160132348555,6.4971353420610924,6.123520440368175,6.077515852115642,6.880805695374536,11.9423092657645,18.62540385689324,15.133643724556714,8.997095141980783,6.205305443504811,5.851542705079738,5.455646253775183,1662,270.0325231655363,274.57758783664116,281.40367613320217,287.4993001456836,292.6844497503737,295.1365203025061,296.1040498971746,294.17995711126076,289.9844883150952,284.0676292051729,276.2448166677749,270.1559982853441,255.85369972106864,257.50072883511433,263.25492082719046,268.64165894732156,272.70272127966183,277.6701925146975,280.7905980697107,279.1271584107066,274.07057461709127,268.08027347448956,262.24527729767595,257.27062955180384,71,3068.9334986734343,135,"{""type"":""Polygon"",""coordinates"":[[[101.16968109143511,38.2875227170062],[101.21460094635438,38.28752272593828],[101.25952077297949,38.287522695140005],[101.30444063559868,38.28752276631522],[101.34936051232864,38.28752269225071],[101.34936051232864,38.467202239864825],[101.30444063559868,38.46720222090884],[101.25952077297949,38.46720221926101],[101.21460094635438,38.467202164614335],[101.16968109143511,38.467202232633625],[101.16968109143511,38.2875227170062]]]}"
00000000000000000006,0.12591529503672164,0.15384387495690055,0.14596782045540024,0.10897038701735959,0.10347260394702261,0.1096383640066075,0.11601424508302377,0.11293712197108177,0.10512036696605762,0.1060866019043665,0.13183634728127752,0.12477310292304239,6.80833123993916,7.383446982177232,7.173629752293173,7.055933069069975,8.420927070885044,16.516745073017216,24.781004523754305,18.934428403222263,11.225928823758125,7.945976350284014,6.85761075456266,6.077649321005596,952,273.28702815531324,277.82651823280463,282.54953490535496,287.99633650852934,293.3118836207168,294.65463148385714,295.19926501392115,293.601205629944,290.18538011332674,284.64822141829336,277.6318714377713,273.111102348421,256.4742158042554,258.45443237392664,263.9637042806854,268.95023659890336,273.086583737165,276.9949542783313,280.35478062390064,278.96300491700094,274.5343603105852,268.99089257281776,262.9905685799096,257.781976017373,73,3068.563667678655,136,"{""type"":""Polygon"",""coordinates"":[[[102.96648028087594,37.20944143836399],[103.01140013660053,37.20944142851289],[103.05632005770474,37.20944143250356],[103.10123985586984,37.20944137818495],[103.14615978264297,37.20944138513507],[103.14615978264297,37.38912086711827],[103.10123985586984,37.38912085242414],[103.05632005770474,37.38912090149249],[103.01140013660053,37.38912089521109],[102.96648028087594,37.389120905510836],[102.96648028087594,37.20944143836399]]]}"
00000000000000000000,0.12364717451176131,0.15640245952738935,0.15646226342704594,0.10475343533220624,0.10130007134812109,0.10758168267466836,0.11481920992190699,0.11422674689064033,0.10716050284523992,0.10267618292722921,0.12501388966799434,0.1211835237037798,7.608109384760554,8.684011420508636,9.024432086198376,9.58887647283102,10.291416500345816,14.890533193796326,22.539573694202453,18.34279960395698,12.339606783976313,9.287725057716006,7.837434526809854,6.661287209052719,737,274.4693822696446,278.8855931240014,282.91151373853904,288.3540479926542,292.8887788936418,293.6366432077566,294.41047528103473,292.84634344378617,288.9959920185419,284.09479093561777,277.9250257493135,273.84021921880316,255.11139594846603,257.0920146402924,262.69838469774425,267.6315044156255,271.4855166881614,274.773226986322,278.109284597435,276.81666535262417,272.88140441293103,267.64211447781685,262.11824396975214,256.81956609330047,26,3274.528781251688,145,"{""type"":""Polygon"",""coordinates"":[[[102.78680080218007,36.85008244919152],[102.8317207066142,36.850082479240655],[102.87664055286348,36.85008242020322],[102.92156041532455,36.850082412861525],[102.96648028087594,36.850082445952495],[102.96648028087594,37.029761958860085],[102.92156041532455,37.0297619501522],[102.87664055286348,37.02976190435294],[102.8317207066142,37.02976191328213],[102.78680080218007,37.0297619171622],[102.78680080218007,36.85008244919152]]]}"
0000000000000000000a,0.16217290978668444,0.2057771021500328,0.20222571500025321,0.14443225563071502,0.11590617666024013,0.10791003147677353,0.1144670294365418,0.1130111960499902,0.10700718555670911,0.12094655255299869,0.17256683460941558,0.16033331721596636,6.784470235981961,7.729704816407994,8.44345911363626,9.035490759751273,10.364230427607731,14.04898849949286,19.69513713969554,16.66617460115648,11.826493057778187,8.51200284575756,7.2577945108785356,6.181022554041601,1532,269.6992440821829,274.59408837984455,280.6950844710773,285.8024676767983,290.8509741323011,293.3799872140526,294.4730731704972,292.23468625744414,287.83294951993565,281.81639178306114,274.62806140910084,269.6413688669,254.59931781036076,256.179050485442,261.58537405877684,266.91071930634695,270.9773174534903,275.59824224392827,278.5659130088098,277.3624036381769,272.7613931505035,266.6869512290071,260.8487642539466,255.96254162445234,71,3270.529471156469,145,"{""type"":""Polygon"",""coordinates"":[[[100.81032208860465,38.10784324933873],[100.85524194203649,38.10784329041963],[100.90016186827253,38.1078432842582],[100.94508167056823,38.107843238696816],[100.99000158336445,38.107843280578734],[100.99000158336445,38.28752272066703],[100.94508167056823,38.28752274687685],[100.90016186827253,38.28752270544542],[100.85524194203649,38.28752270848228],[100.81032208860465,38.287522748152234],[100.81032208860465,38.10784324933873]]]}"
0000000000000000000d,0.13350983796343144,0.14881394853325294,0.161150379357951,0.13897778467659733,0.11401309749215661,0.09840553310260716,0.09822099931292598,0.09674428286071565,0.09362575664485055,0.10748938768464061,0.13556025289719012,0.1312265511622572,5.797416095460329,6.353260403260866,6.039206772689034,6.056672435948756,7.207534932431468,10.809086463004062,16.223161979631058,14.440859467936642,9.897346264987657,6.584064220746201,5.823233289426927,5.319778311356626,1658,267.8823416409116,272.419170422842,278.77552275671513,284.29826474677645,288.9834284300179,291.9770618990386,294.0297667830451,291.4573271490112,286.6557931798711,280.4706753650637,273.48321723342747,268.13478042025696,256.23128269394783,257.7966982658403,263.15062491383327,268.3760465766362,272.42030637910625,277.057513393616,279.7588155371604,278.50415680445707,273.9323743205864,267.99089888352694,262.3645120904647,257.5541531751051,28,3137.030277450741,176,"{""type"":""Polygon"",""coordinates"":[[[100.45096313730569,38.28752271276728],[100.49588304431366,38.28752274115134],[100.54080288586543,38.28752274263111],[100.58572272100227,38.28752270173963],[100.63064260919002,38.28752276193068],[100.63064260919002,38.467202165046146],[100.58572272100227,38.46720223521562],[100.54080288586543,38.467202172508216],[100.49588304431366,38.46720223063697],[100.45096313730569,38.46720218703747],[100.45096313730569,38.28752271276728]]]}"
