,ET_03_x,ET_04_x,ET_05_x,ET_06_x,ET_07_x,ET_08_x,ET_09_x,ET_10_x,ET_11_x,Id,ET_01_x,ET_02_x,ET_12_x,ET_03_1_x_1,ET_04_1_x_1,ET_05_1_x_1,ET_06_1_x_1,ET_07_1_x_1,ET_08_1_x_1,ET_09_1_x_1,ET_10_1_x_1,ET_11_1_x_1,ET_01_1_x_1,ET_02_1_x_1,ET_12_1_x_1
0,-0.9725496289999995,0.006157160999999967,-0.36761582599999976,-0.9127618569999987,-4.691495952,-4.216635808000001,-1.7307768959999992,-0.3848439049999999,0.6551233340000002,24285,0,0,0,-1.7434151026908444,0.029961877925780762,-0.1871750636180447,-0.1515341644886762,-0.8768708123611847,-0.6084836028932249,-0.8048606699943933,0.8055227678886361,0.3592959423431975,0,0,0
1,0.32122285100000036,0.13504651199999973,-0.5928484470000002,0.9250267930000002,-0.9384465039999998,-2.743267778,-1.4538084690000002,0.10683358300000023,0.5583939309999995,4786,0,0,0,0.22710178003993792,0.08662380500320703,54.34444052212839,0.2695187326230809,-0.13355788523419035,-0.6427919693572572,-1.2441249436440494,-0.3730367591181238,0.46067883210749616,0,0,0
2,-0.6957502510000002,-0.5133899289999997,-0.09807856000000004,1.178609959,-0.885001942999998,-1.1660323910000017,-1.2266526510000002,0.21195336600000036,0.792222873,24737,0,0,0,49.401505398058625,-0.5592005769224533,-0.08945492954924576,0.2618481076924472,-0.156981562830863,-0.19305427772612863,-0.4483895790704431,-1.8475877864627686,0.7711384667336464,0,0,0
3,-0.018255640999999878,-0.595665251,-0.43228433700000024,2.0875511209999997,5.764864419999999,4.6822965530000005,2.4234194999999987,0.19042952599999974,0.06576783599999958,19100,0,0,0,-0.010282228799084159,-0.3618583977103278,-0.23603412365713955,0.37393927402739446,0.560473356584958,0.46994730112490796,0.37999746525196093,0.13226250734905032,0.06587507766205491,0,0,0
4,-0.487577872,-0.08527106800000017,-0.16871655500000005,1.3730041030000004,1.6292609760000005,2.5543407180000006,1.6058028259999995,-0.05376247799999989,0.558882068,13772,0,0,0,-0.5130372582092636,-0.07658700332819864,-0.18663505456502613,0.37766009771487663,0.5523907220391105,0.5253812327427883,0.5176117670790962,-0.15064900416154822,0.7836643823311172,0,0,0
5,-0.08874256400000013,0.0018225989999999248,-0.12362471100000016,2.3972214000000003,4.052426847,3.2768934489999992,2.1716147539999997,0.029737071000000226,-0.6342680009999999,14803,0,0,0,-0.15496049855131946,0.0024122758676541887,-0.0842339273991654,0.39825529488019024,0.9076929978908661,0.6992162061919478,0.8246046583595719,0.11323315527563484,0.611192886039673,0,0,0
6,-0.24633744700000004,-0.21388967199999986,-0.05198249399999999,0.00022283699999992024,1.4180299490000001,1.3920872990000004,1.037116063,0.17451088799999992,-0.1904407960000003,16117,0,0,0,-0.5270430125685166,-0.4375967420133001,-0.08352295707290187,0.0001063884075258308,0.6808811600396154,0.362467027652056,0.442595798947707,0.40867984837438853,-0.1434310269250389,0,0,0
7,0.12023983800000004,0.8594916779999998,-0.8536922330000012,1.3020535239999997,2.4363279770000004,1.7841254270000002,-0.5019401690000005,-0.3148603579999998,-0.6063451839999998,21562,0,0,0,0.519401485915311,0.4672160110722797,-0.20813071541360048,0.29038091458001325,0.5845888057993293,0.31670626050036327,-0.24057017992964505,3.9684984065336253,7.173619959240833,0,0,0
8,0.010996764999999797,-0.036624452999999724,0.35279619799999984,1.3222118269999996,1.7483512120000007,2.11021055,1.5745316960000002,0.143618283,-0.5309740390000002,8991,0,0,0,0.009474208749096399,-0.022080143132540253,0.24798077875771274,0.4078681546636113,0.7722588846476753,0.490345285304902,0.4649035077293427,0.17729183501640342,-0.601548671121153,0,0,0
9,-0.06702754599999938,-0.026849377000000008,-1.5516739589999995,-5.20696066,0.7622896799999967,2.051535404,0.10707489099999945,0.08462019199999915,-0.09530373899999978,28470,0,0,0,0.16527340091476755,0.029593639002472263,1.5458185867831329,1.1700798072366254,0.1591746227823057,0.26203751822797766,0.05987907601919944,0.16553125789857437,-0.06437025521519826,0,0,0
10,-0.05108517299999993,0.42175005300000024,0.988503151,1.3521071680000003,0.08101507699999955,0.28713896400000083,-0.18643628300000015,0.07338434100000002,-0.3442018509999998,6792,0,0,0,-0.04901621428041229,0.20011261525207658,0.549214841742556,0.3453842403967364,0.03698743549766482,0.13286720796819393,-0.1035944272261612,0.0831240918362217,-0.3041867238377677,0,0,0
11,-0.09584811700000051,0.06883109799999976,-0.1855145669999998,3.03078846,8.768552569,9.788834146,2.083238046,0.31482703,0.36204963700000015,7932,0,0,0,-0.09029619214758329,0.08610046080536725,-0.1858097331935671,0.7339765688756102,0.887574925937818,0.8935065620001863,0.8300305674052111,-0.791882308522577,0.38026309703776545,0,0,0
12,-0.07451148000000041,-0.09524792699999995,-0.42193218499999974,1.54235961,3.084692671,2.828193753,0.9570360470000008,0.022799183000000056,0.10000309299999977,7619,0,0,0,-0.05248327324355074,-0.11995960579345082,-0.7719341431637303,0.3712482297700443,0.424498991227294,0.40796159437432383,0.3777418848529337,-0.05083429877369024,0.08912931639928678,0,0,0
13,-0.06852955799999982,-0.6533175269999996,-0.9302617429999991,8.4103253,8.875031026000002,1.9587268910000004,-1.5005045200000002,0.16003120800000037,-0.1931658529999991,23712,0,0,0,-5.608341907940101,-5.415246569546159,0.7173209552465053,1.2375005980898928,1.1544001462934,1.0444339356695116,1.5567095962514277,-0.37787168744590377,-0.6799528308104952,0,0,0
14,0.10260267899999997,-0.020723236000000034,-0.275436445,0.6960467129999999,1.1451605199999997,1.4771979229999994,1.0885872720000003,0.11016426300000004,-0.5963632639999996,16439,0,0,0,0.12151660718422194,-0.031187650335577483,-0.3986494198740239,0.203249999394671,0.24820103977379818,0.2479543379151055,0.24537605479906544,0.1704883625039819,-1.8167186841045695,0,0,0
15,-0.3042959009999999,0.47200627500000003,2.362474932000001,2.889625902999999,5.386889518999999,3.9402417110000005,2.6829418099999995,-0.04933372399999936,0.2208289699999999,9233,0,0,0,-0.23924659309952603,0.20232214182909244,0.5878166147245081,0.3421700398448181,0.3833502687723927,0.35680643075457896,0.4439355085118897,-0.03673841232052966,0.6319851726194283,0,0,0
16,0.1796737450000001,0.04423719500000001,0.06234415000000004,0.6869588399999991,2.2867502159999997,2.0222033209999997,1.3291482670000003,0.4890669959999999,0.01961352800000027,9357,0,0,0,0.12978940666943606,0.029303980393509038,0.08536957073194186,0.22671421198489558,0.8348369957345029,0.45840682412103223,0.3620619258275761,0.4346136023626688,0.016233587999218136,0,0,0
17,-0.5277925009999995,0.014953185000000424,0.03547279599999986,3.4375349889999987,5.180319339000002,7.561290313000001,2.3232245929999995,-0.350199527,-0.24506969099999942,25034,0,0,0,-0.7714921877164269,0.01609022776760814,0.02568800236828904,0.560612087689901,0.6032473206183168,0.6176515530958994,0.4232381222758015,0.6786499386530245,0.3563045908041244,0,0,0
18,0.040963941999999864,-0.01626150099999979,-0.22752007100000005,5.914002928999999,21.566264655,20.581164300999998,3.087767896000001,0.031806173000000104,0.8309983169999997,25677,0,0,0,0.04360151664307539,-0.1636851771407367,1.3982314013004118,0.8887579955862214,0.9671709131000441,0.9328692340187293,0.6950720076908908,-0.10676108686760319,1.0051700670276096,0,0,0
19,-0.015149382999999905,-0.1514984330000001,-0.295169869,0.8496094649999999,0.8451774699999994,2.069629624,1.5099931249999994,0.23623693600000006,0.5491246020000005,17951,0,0,0,-0.022063065423939213,-0.2335176836046693,-1.194859678753471,0.4958751039982262,1.328451558669266,0.7173705122818688,0.7614517499121345,0.7282499350927732,0.5682585998370739,0,0,0
20,-0.28915866899999987,-0.40004968399999985,-1.6356233260000006,-0.23057899500000012,3.1251718439999996,5.869034201000001,1.9463296729999997,-0.6277225129999997,1.3482420489999996,17004,0,0,0,-0.13897814014181722,-0.1642685680822848,-0.8429104246862341,-0.04254332878735769,0.3467909888659854,0.5434047190715553,0.3617772373405122,-0.9364116179163027,1.5492724702848735,0,0,0
21,-0.134244829,0.14307407400000027,-0.4055303020000003,3.023759022000001,0.4503939370000021,-1.932499996999999,-1.7295202020000002,-0.4128888890000004,0.008433861999999515,20138,0,0,0,-0.08873380046720261,0.08381063955244812,-0.42413437797037934,0.4384831642712225,0.06130905082363883,-0.44733796226851824,-1.5722910927272735,-0.3178241533799032,0.010615625875458298,0,0,0
22,-0.29430859499999995,-0.15949559699999993,-0.06510290299999999,1.5241702480000003,0.6989971459999995,1.8516331609999996,1.0039310180000003,-0.039445124,-0.870493492,15798,0,0,0,-0.8637305288050251,-0.5246760131577768,-0.08897900734667585,0.4327387232666479,0.4108313089988529,0.4405273160379395,0.4246677193986286,-0.13983473582045317,-2.6399564720843967,0,0,0
23,0.30769432200000013,0.1970180829999999,0.27188867399999994,4.639430674,5.818787674999999,1.8854919419999985,-0.5904432829999999,-0.198855907,0.4604925720000006,19892,0,0,0,0.3563530634899391,0.14378255042616475,0.1520096728605898,0.5568996238298272,0.7070324733917835,0.335588440096231,-0.5100121349545103,-0.24271038510556844,0.5049848300768057,0,0,0
24,0.19458432900000044,1.3191942139999995,1.571131038,6.866376962999999,7.90754252,7.288438280000001,1.7435621289999994,-0.17953894299999984,-1.1448352369999997,24419,0,0,0,0.3290338114761713,0.9701542673688257,0.5362281393362553,0.6785276748080912,0.6162521770057794,0.5921146796852983,0.37142566819425077,2.3116602003791415,1.3281151241299298,0,0,0
25,0.505670388,-0.39030535199999994,-1.0718838240000004,1.9616122700000007,8.794370198,8.541899450000003,2.5916141590000006,0.17587083800000025,-0.26304172500000034,24442,0,0,0,0.45496154564804864,1.068506635962136,-23.755093194106482,0.48766530278619113,0.8222207999375574,0.7162298405625125,0.5440153437568468,-0.3340824105214245,-0.1696041703772308,0,0,0
26,-0.025386982000000113,0.05000864199999999,0.11118708399999999,0.38632612499999963,0.765013857,1.2637018150000001,0.7734366210000001,0.094976022,0.2828530749999998,16438,0,0,0,-0.037946968279774014,0.06192036887226645,0.09759685060089356,0.13129472028271716,0.2391360741057379,0.26465376969839927,0.21494049743427213,0.15197262537395465,0.250680664830049,0,0,0
27,-0.26058996499999987,-0.0016426639999999049,-0.05299456200000008,1.823662067,2.058660377,2.2505018349999997,2.1164193879999997,0.38387507200000004,-0.8583349730000003,16459,0,0,0,-0.4619024487669702,-0.0027885525310012284,-0.12706758222483663,0.5303528995037554,0.57353175654834,0.5299628196615555,0.5158877815306455,0.4182296503629215,-3.1459590380568976,0,0,0
28,0.047343756999999265,0.3029074040000008,-0.6243481710000003,0.18143569999999976,-0.6703926899999999,0.4571434700000001,0.45682850200000136,-0.19433062700000114,-0.5101037740000001,3396,0,0,0,0.013439930138257556,0.091855268017426,-0.17286848762729354,0.026728954857347848,-0.5343036613597474,0.09500827320542418,0.10303504569568654,-0.07310113002761313,-49.38755183428027,0,0,0
29,0.13677145200000052,-0.18466911699999988,-0.43158541800000005,1.589450597,-0.9375524450000006,-1.7989889699999986,-1.779615111000001,-0.35602777799999963,-0.1884072139999997,20144,0,0,0,0.08811475260127617,-0.1011885572602739,-0.1547027160395636,0.2726656830356844,-0.47489226019163383,-1.3113359234624125,-1.7889324670026634,-0.2440038620248188,-0.5086767700620421,0,0,0
30,-0.020117622999999973,0.2619773539999999,0.5290537869999998,3.7324815859999996,5.382638514000001,4.803635229999999,0.8189108499999997,0.4729347610000003,-0.43570527900000044,24465,0,0,0,0.06452969157427389,-3.3927129803300553,0.34062572277824044,0.7503969455071214,0.7748069434106813,0.635540070005969,0.31627086896627743,-1.6871926602574678,-0.30388146806788613,0,0,0
31,-0.08128266699999998,-0.02603110899999994,-0.29559079099999974,-0.4383226119999999,-0.25366093099999976,-0.11653719399999973,0.1573113420000003,-0.023678515999999816,0.35685363700000017,16752,0,0,0,-0.1083411831129324,-0.0304261522739802,-0.23697728236858576,-0.20698950380813103,-0.15689380605635103,-0.058989272720135204,0.0838021053630393,-0.05603528852242519,0.1768102929132585,0,0,0
32,-0.13437202900000011,0.03099978999999964,-0.007025955999999667,1.7647530069999995,5.367834559999999,5.024965249999999,0.40490598000000055,-0.31176739699999967,0.11266221299999923,20139,0,0,0,-0.0962785885948873,0.01955481421589166,-0.0036590884860290217,0.24581038728385757,0.5955742851146352,0.9114126927140372,0.2917662485630647,-0.2739998883443547,0.12198884594060816,0,0,0
33,-0.16858546000000008,0.050251945999999936,0.014223273000000258,2.193180806000001,2.144698938000001,1.1267914440000002,-0.10706963100000033,-0.5518638760000001,0.4549959299999995,20140,0,0,0,-0.13173306632587511,0.0325464167115757,0.00717794064148408,0.3015894899984437,0.25902369338252046,0.18677959790363674,-0.044572395491909465,-0.46952713230762055,0.4950883106113562,0,0,0
34,0.152684104,0.47113129499999973,-1.909317566999999,-3.0866928400000004,2.185813939,4.032269390999999,0.7701486099999997,0.19639685900000003,-0.0845070670000001,28429,0,0,0,-0.1328861466250821,-0.4055197372209025,2.081755846827029,1.7800524348252296,0.7399919482970674,0.7329394489900689,0.3552368405675519,0.8794109927988877,-0.055296843009566346,0,0,0
35,-0.3938779969999997,0.07621313900000004,-0.24940666,-1.2918265,2.4758644070000004,1.69229064,-0.07763257200000062,0.13510053700000046,-0.06064097000000057,27308,0,0,0,0.39735853030201634,-0.07656249535066001,-1.5837059726574034,1.3756249205475244,0.535753185405209,0.3039476548026734,-0.040086080650734233,0.2253944079903025,-0.08049605836992361,0,0,0
36,-0.06822867399999977,-0.03998616899999963,0.06522009399999984,1.6504476350000026,11.173498449999997,1.5447968029999997,-0.22837570499999993,-0.16196121600000035,-0.14112897600000007,28183,0,0,0,0.046612516034994785,0.04916332250068536,0.04881685939979574,1.4560588305249014,0.9201335565210562,0.44122044094333435,-0.3128036818718507,3.19360142426139,-0.1281484926315903,0,0,0
37,-0.11794590099999991,0.2031590780000001,-0.5731648269999994,-0.5141451860000013,0.15988021099999994,-1.016870429999999,-2.2445006569999997,-0.5929543079999999,0.35203973600000005,21550,0,0,0,-1.5110506803641226,0.2615782119049022,1.683153663420081,-0.29122181817699927,0.0567902081454926,-0.27955200801686403,2.3454868970998612,0.698963821099789,0.3882111563754539,0,0,0
38,-0.31744813400000016,0.6115453179999997,2.2054518689999996,2.618276708,2.6925462149999997,1.9110260070000005,0.44195583100000024,0.008622524000000187,-0.8542920999999994,24300,0,0,0,-9.179223240281662,0.675740682872928,0.5063654886564772,0.642897525593191,0.8047460668298626,0.5975846796510662,0.29859587821539413,-0.03813401279515271,-1.0200502686567152,0,0,0
39,-0.08094614,0.04123478200000008,0.09553535500000004,2.0207856140000002,2.9647854309999997,2.932106493,2.1848515630000005,0.3480321700000001,-0.016564412999999556,15841,0,0,0,-0.3358112601437001,0.10555233319386514,0.17383406910776264,0.5314113744484793,0.6597281734470669,0.6338395338890881,0.5888603632437421,0.5904969969623707,-0.012479565136843418,0,0,0
40,-0.09477723399999993,-0.06090872600000008,-0.043623065000000016,0.4992559590000002,-0.1250062420000002,1.4791788999999995,0.8029723799999999,0.10956514500000003,-0.41120178200000046,16437,0,0,0,-0.15548419369769678,-0.08540348971117913,-0.05646075731086768,0.33764453355223134,-0.1544647658440349,0.49543668006274605,0.40387189013184893,0.25269655570749033,-0.7565775062890658,0,0,0
41,0.06361337900000008,0.06856454999999984,-0.1343533250000002,2.4337335619999996,2.361359947,3.3818530549999997,2.89784545,0.249280665,-0.36161171199999975,17044,0,0,0,0.08585353206389126,0.06728611383709504,-0.18918158927014406,0.7766537306719868,0.902718042931216,0.8421298332303074,0.8539819598088391,0.5557408936781533,-0.4153311734438127,0,0,0
42,-0.13421094700000058,-0.05257884799999957,-2.564553167999999,3.216754321999998,7.487902394000001,5.697747022000001,1.15666958,-0.6301093660000001,0.27812907300000056,23035,0,0,0,-0.08594084117696071,-0.049602686792452395,2.7889357377604345,0.6477928721106505,0.8111105677519008,0.716247268636078,0.3409490287398673,2.4422843643410856,0.5754111158340749,0,0,0
43,-0.6816422379999996,0.0708631930000001,-0.6089121590000002,0.37280626900000025,2.075881305,2.2511291869999996,0.970626303,0.24034561399999976,-0.2569086570000003,24450,0,0,0,8.937244775428358,0.6591924930232572,-0.928708512910946,0.13807639592592602,0.4550668425763677,0.4158063146759198,0.31085161022761026,-0.5865305022950972,-0.47043294272033276,0,0,0
44,-0.012705305,0.07725315599999993,-0.04340322900000004,1.4632904439999996,1.7638086630000003,1.963788939000001,1.8122829489999996,0.26427591699999975,0.28251501800000023,17952,0,0,0,-0.018689659930479167,0.090837018487654,-0.06102279041923547,0.42425055283661084,0.5476611733999515,0.46824280878339913,0.5751492672694739,0.5657703108444442,0.40279900284986353,0,0,0
45,0.04523140200000009,0.00795999599999997,0.08348503499999993,0.849521516,0.7494267010000001,0.8852940659999999,0.9251714870000002,0.27641964099999994,0.8570847589999993,15826,0,0,0,0.0674010665677319,0.011041384379234338,0.10769249122407817,0.515452188071096,0.7996437810976552,0.6614114236949651,0.7362306080484338,0.5097796668079679,0.6806541938979144,0,0,0
46,0.02473340399999957,0.8807738510000003,-0.9231064780000002,4.602649451000001,7.8841960460000005,7.77873779,3.3777781730000003,-0.045266245000000094,-0.6211038109999998,24126,0,0,0,0.11930905570462762,0.9587647049446009,-0.7913853561587914,0.7630680626253084,0.9381477368571808,0.8314064820806266,0.6888000591591269,-201.91018778718356,-0.7317554081638579,0,0,0
47,0.046473787000000044,-0.015881641999999863,-0.028537329999999805,3.077308366,4.907727072,5.2584065859999995,4.6349009500000005,1.0559155989999998,0.821085928,10458,0,0,0,0.039033676485190925,-0.00880227693090029,-0.026278402542328192,0.6305225493167512,0.8030002360610019,0.7900546360018637,0.8000991450190003,0.6716609782145555,1.4298222107244731,0,0,0
48,0.06514066899999982,-0.12009074099999983,0.008375812000000149,0.6696717710000002,1.293485118,1.4480025870000004,1.0699696889999997,0.1652388829999999,0.40280868900000044,10834,0,0,0,0.05572440224864099,-0.08791116170518891,0.021933973074433285,0.4696566100333188,0.6221803170098916,0.5986731659270189,0.47650543906999143,0.2266333482487081,0.4162485995391661,0,0,0
49,-0.104876089,0.07206191000000017,-0.3226967660000002,-2.038939367,-3.934211275999999,-1.9146198820000002,-0.321266692,-0.11813165499999956,-0.4984642419999994,19103,0,0,0,-0.0675644753523504,0.04402433450664391,-0.42106539600496123,-1.5449452399962782,-1.256682545603575,-0.4035753801209229,-0.07353528162858441,-0.08303858662317437,-1.3911381508601786,0,0,0
50,-0.11953400000000003,-0.4222693669999995,-2.4704442920000007,-1.5441784809999994,-0.29692060399999987,-0.7087195039999994,-0.6526843589999998,0.3927810639999998,0.11517058199999974,21564,0,0,0,-0.6557693585203177,-0.24078534069597252,-0.6434731920145087,-0.5405402568767455,-0.10865573425260867,-0.13685990751991534,-0.21449147794453227,1.1024414951590016,0.33403469339824726,0,0,0
51,0.005317403000000276,0.109206535,-0.06325089399999984,0.4123853660000002,0.6054782810000002,1.01137722,1.0027828419999998,0.052206859999999966,-0.6930813930000002,10832,0,0,0,0.00517586073941753,0.06776950976212691,-0.12892593096746027,0.35403620819356235,0.6091075275999137,0.5953252134819609,0.5484143500825408,0.09652687596045369,-1.2874782932363238,0,0,0
52,1.1148068979999994,0.31549958999999994,2.7283751499999997,0.9146270700000034,-2.401569975000001,-3.4131607919999993,-0.5080788870000008,0.10693011200000058,-0.14670977799999996,26577,0,0,0,-2.3827389058162582,-0.5324365744189885,1.080693261614531,-1.4492348730604765,0.579294179735744,0.8671627084378081,-0.3609859356607215,0.21696686404279794,-0.6611539714426834,0,0,0
53,0.33555132800000065,0.3068156270000002,-0.014300095000000734,-0.6249039650000001,0.7284697129999977,4.801948240000001,0.023548148000000158,0.09999844899999966,-0.277203493,28191,0,0,0,-0.11712705012449277,-0.19198878645859088,-0.029567855736290276,3.105363597779378,1.2741626313299137,0.8868895325931004,0.01758672310946641,0.17872131884938952,-0.300354203291964,0,0,0
54,-0.6294758000000003,-0.34434363899999987,-0.22225904699999988,8.303587472,16.005573384,19.48822299,5.3499480649999995,0.2587540619999995,-0.033472427000000415,25524,0,0,0,-1.5081626385380316,-5.359301192734642,-0.5469694521345311,0.9099074669117143,0.9425456999101959,0.8977196607631232,0.7415894321140475,-3.9568130763408895,-0.03904742912023457,0,0,0
55,0.36575105799999985,-0.32081058100000015,0.0718252009999999,-0.7079280110000001,-0.6635323809999996,0.6100773660000001,-0.18828254300000014,-0.3415647799999997,-0.16494315700000017,11944,0,0,0,0.3619459341482449,-0.23211719002588932,0.1618156100861957,-0.42905445058402325,-0.33534445364698356,0.24645425468550367,-0.06906154437933465,-0.3604517727179238,-0.11964984069995714,0,0,0
56,-0.2392811119999998,-0.08782591800000006,0.10819156899999982,1.1803594260000003,1.2572985700000001,1.0509359379999994,0.446686299,-0.0388647510000002,0.02635081699999997,13959,0,0,0,-0.7060754122275154,-0.09101131398963735,0.15040850030953315,0.5579639381334753,0.5882098573099416,1.0465752076193937,1.8807844168421066,-0.529973879681703,-0.4582750782608682,0,0,0
57,0.19552650199999988,0.789157133,2.2352731389999994,6.545116662,4.841594771,3.9526230449999993,1.0622739939999999,0.21961310900000042,-0.3299505439999999,24138,0,0,0,-1.0170873841476002,0.9029489068745212,0.6670081630551755,0.9053648684790631,0.9086854414723494,0.7896074606680121,0.5844205117973339,-2.3060082798396286,-0.31197491385062615,0,0,0
58,0.31141674099999994,0.20992286300000007,0.494256645,7.960255547000001,15.947995830999998,20.249058704000003,2.9748947169999993,0.11745895299999987,1.6076640380000011,25526,0,0,0,0.5046705240404181,0.48748599393837383,0.6476635688715493,1.0144164563502662,0.982330809569438,0.9412570128373788,0.6735071183515753,-0.23429118177457636,1.3588326584533255,0,0,0
59,-0.03816876800000024,0.266489682,0.5770785310000002,0.5499836110000005,0.547911117,0.47139130000000007,0.09653535199999985,-0.05060476299999994,0.056567790999999534,23791,0,0,0,0.15024766945037937,-0.6600043209790721,0.23390469801602948,0.40670652527132933,0.7922840224977318,0.2148981807805676,0.06296810218472404,0.11849348423043238,0.05278507299954872,0,0,0
60,-0.30614079200000033,0.43952252499999944,0.4465830270000002,2.2356509790000008,1.253598740000001,2.7349876140000013,-0.09211281599999932,-0.3640102299999999,-0.7161333610000002,24918,0,0,0,-0.8379172750998536,0.7818053624197024,0.25282734012595753,0.31601330131397765,0.3313682317475014,0.23132143895560323,-0.035425001609584374,0.31212493647878686,-0.6736697307205544,0,0,0
61,-0.1802088770000001,0.09411212199999985,0.5417756269999998,1.9458389190000007,3.312011446000001,2.1283139970000002,1.0013242909999995,0.027666962000000073,0.010295265000000775,5047,0,0,0,-0.1520279351219862,0.027216383606859747,0.1816952526116008,0.3421666132110461,0.631139710169832,0.6295762943315578,0.5839761769160761,0.02997736919509985,0.004750936927444561,0,0,0
62,-0.05226620099999968,0.10372682799999966,-0.2701682040000002,0.6726458520000014,1.0821287199999992,2.822714310000002,-0.679135569,-0.07542568700000052,0.6765803219999995,25219,0,0,0,-0.07386413178083705,0.82692694219453,-0.41773772140619475,0.12091098217219179,0.12262081813031153,0.22904928467130556,-0.2812783720969756,0.32080688254879963,0.4513042724955407,0,0,0
63,0.015680503000000012,0.20151651699999995,-0.6490663310000002,-1.2179214970000007,-1.6567435959999983,-0.2987561420000002,-0.23119369400000078,-0.490958816,-0.6202380959999996,3049,0,0,0,0.014793398835276288,0.05883951876021658,-0.14775083455159949,-0.15888533102424174,-0.9640182906214575,-0.28085345899125286,-0.08153620090950547,-0.4688585037107993,-0.37387872319669607,0,0,0
64,-0.1870711840000001,0.015090398000000116,0.5615579070000001,3.9538176100000006,3.584386777,5.532148811999999,3.101420736000001,0.2898424420000001,-0.5888012659999999,11210,0,0,0,-0.16734982421777694,0.00928005343418388,0.4602647858365733,0.7263124615994514,0.7326186126903766,0.7353852115557871,0.6897368122964147,0.45764596129349805,-0.6778497404063841,0,0,0
65,-0.15947329400000054,-0.2108748330000001,-2.6291230459999997,1.935089067999999,7.347467678999997,4.002057734999999,0.3216361919999997,0.18051299700000012,-0.038333574000001036,5253,0,0,0,-0.13909239449757194,-0.19677278363718378,1.8486842032218176,0.35038306450149015,0.5627956442003781,0.45872507645181554,0.13343043935226548,-1.1014352351854693,-0.03713337044089823,0,0,0
66,0.22432616700000008,-0.005033442999999416,0.07674845699999988,-0.4891372910000005,-0.8288837699999991,-0.11608701899999829,0.11538223399999925,-0.11016013799999946,0.07322722700000028,3612,0,0,0,0.07047328800655146,-0.001783121955107227,0.022759899648810946,-0.14425879593269358,-0.4163400019676701,-0.023828193455505395,0.028334468706270734,-0.04225756167929508,0.1906148426984053,0,0,0
67,0.12241112300000001,-0.31579170599999973,1.6729418860000003,6.000271367000001,-0.3553407239999995,0.09264284600000217,-2.5262698430000006,-0.20009853200000016,-0.10767006599999984,24747,0,0,0,0.17554558661951133,0.3723090460957217,0.4889930230588967,0.45730104975202607,-0.03480209023313877,0.0073629639971397945,-0.8751928611546228,0.6477019713431569,-0.19348077503366126,0,0,0
68,0.07332632600000011,-0.2515563150000002,-1.4475412289999996,-0.3292637499999973,-0.17987219999999837,0.7990901099999981,-0.005321652000000121,0.054394248000001255,0.37596350999999917,28473,0,0,0,-0.04821608023074846,0.6666686799175521,-0.7201697656716414,-0.08461256427482036,-0.03856470249164538,0.12748047494149425,-0.003411812444134446,0.1809694560157318,0.20315031156283275,0,0,0
69,0.08679945299999992,-0.05529047199999981,-0.14142083700000008,0.517906372,0.735162775,0.738926543,1.310539929,0.3135850760000001,0.04107182699999967,16460,0,0,0,0.13951610735263104,-0.12019667826086913,-0.6194640931419336,0.38256859202964244,0.4554067522754867,0.4283632133333333,0.5726528591974288,0.5173722611397567,0.030641543037077598,0,0,0
70,-0.25004633299999995,-0.08310600800000001,-0.37813521800000005,0.7624456190000002,1.7516895540000001,3.419066624,2.195163861,0.5328442020000002,-1.7957273200000001,16115,0,0,0,-0.6414301217637434,-0.16374617318525075,-0.6350920322958343,0.25562012487239405,0.688208297885012,0.6369973940776729,0.5726132174287366,0.5362385415616625,2.9281109794737663,0,0,0
71,-0.13468335300000023,-0.11343575900000014,-1.4223074379999994,2.0726845769999995,5.820461504000002,6.121639372000002,1.6419657489999997,-0.15261698599999995,0.20757552399999923,4750,0,0,0,-0.050639638568585534,-0.0665312369501467,-2.3875953629356763,0.28806265391748803,0.4312017578313544,0.47097081253228235,0.2843377268323652,-0.09856855933230751,0.3492009473128647,0,0,0
72,-0.03319398699999998,-0.04006137100000007,0.8216824880000002,0.8950384180000002,0.6054097209999999,1.2624227369999996,0.6568823899999996,0.08084798800000015,0.304777391,5855,0,0,0,-0.05974486836169548,-0.06947935207626019,0.568235915158729,0.5542202425587348,0.5026920090746589,0.5201556773016188,0.48079563506606915,0.265915903635678,0.26906059520177283,0,0,0
73,0.019673714000000064,0.46135311099999976,1.6329159280000005,2.0079770530000003,-0.5420853799999996,0.093284896000001,-0.6354823610000002,0.06144075799999993,-0.5722891050000001,8305,0,0,0,0.017344222292059782,0.2135797605100717,0.6805805065443071,0.4886301788726574,-2.03350088179455,0.05332899628839717,-0.6909549321905467,0.09327442448002844,-2.0200257332105025,0,0,0
74,0.021809933999999975,-0.016038308000000057,-0.19568012899999998,1.686685554,1.9361086429999994,3.738788095,2.270874633,0.20219302299999986,-0.2765905430000002,15801,0,0,0,0.0315296955204086,-0.02244606400333476,-0.26620564100944927,0.5371453451321996,0.8075298640861858,0.7227245013165007,0.7522610386610519,0.43372123077892766,-0.7854091964225358,0,0,0
75,0.10071665699999999,-0.02564187100000015,0.11385971499999992,0.541063291,-0.18882432999999987,0.5308214490000003,0.07250648100000046,-0.012208454000000035,-1.9032569890000004,16433,0,0,0,0.1450339387009235,-0.02945521984381304,0.10278068727167691,0.207385476074777,-0.12793505293506136,0.16272704324732457,0.0328159991867648,-0.021447272797134178,1.1827651143027407,0,0,0
76,-0.19793002900000012,0.08834861300000041,-0.0749744080000001,1.346082906,1.9256358860000005,1.4424526010000003,0.2932569839999998,0.030585469000000032,-0.17972387200000028,24472,0,0,0,0.47593149293099035,-5.1840719456037245,-0.05741801715343329,0.4369734536518589,0.5688276838425159,0.4858325672245778,0.23742807978840438,0.14643424344135586,-0.0914651863078861,0,0,0
77,0.45096245499999954,0.05981514299999979,-1.5126812270000003,-3.5195116279999996,3.1764150200000003,3.1426296040000006,-0.3688189839999998,0.20903646399999998,-0.15242542500000056,27307,0,0,0,-0.4427888574055287,-0.06062905655717039,1.391652892080623,0.908053470909699,0.8387232910083113,0.6611635331871554,-0.278692422451247,0.47201451768159763,-0.1712272593800759,0,0,0
78,-0.0006164230000003101,0.09704995500000013,-0.19375250300000024,-0.596153428,0.09450449599999944,1.255021534,0.1309410160000004,-0.17710359199999992,0.10199612800000057,23977,0,0,0,-0.008364278698118338,2.268700234967792,-0.14943225473440386,-0.6682858712931163,0.06749364603621578,0.3597911624905965,0.11277829879175225,1.6147900314969754,0.0727245119429594,0,0,0
79,-0.1991442189999999,0.40905389099999967,1.1281677930000003,3.925885751,2.977749914999999,2.9733024869999998,1.5246170419999996,0.545157514,0.11549053200000037,24139,0,0,0,0.7604423875521643,0.6176706764847457,0.3165458214567216,0.5707629054574722,0.6101520224660745,0.5541710424438178,0.5791987773780057,1.1265776077065008,0.08975892620721554,0,0,0
80,0.3626376449999995,0.16062708400000147,-0.04530816900000101,-0.22181482999999957,-2.250341070000001,-1.2427714499999993,-0.4939211150000009,-0.25983805599999954,0.6751664019999994,3395,0,0,0,0.09566864400392841,0.04792403110919197,-0.01032662423794562,-0.03579903014774499,-2.172748547426362,-0.3479748233031705,-0.1275676924369014,-0.11053955495131067,1.018878934136822,0,0,0
81,-0.018049252999999932,-0.2553856210000003,-1.2946524029999997,0.06701213499999881,0.5468246180000009,1.4116398219999997,-0.2691272670000009,0.405192577,0.774830065,21377,0,0,0,-0.05456609905638803,-0.10694042660898634,-0.25511534641670536,0.012426639904140576,0.13272442184466038,0.21491598407586476,-0.09087220070547992,0.4387801529746665,1.4053749675969622,0,0,0
82,-0.04860368000000004,0.01340842100000006,-0.07076651899999997,0.5668089630000002,0.7158332810000001,1.3499687070000004,1.0091094629999997,0.1395055030000001,-0.4105451900000001,15802,0,0,0,-0.09264736455798823,0.017779462394951227,-0.06877776648336288,0.2472620852075779,0.5426754502729086,0.41917348881666866,0.4764531353612741,0.3076640859909564,-1.771905437070188,0,0,0
83,0.0,0.0,0.0,0.0,0.0,0.0,0.0,0.0,0.0,2851,0,0,0,0.0,0.0,0.0,0.0,0.0,0.0,0.0,0.0,0.0,0,0,0
84,0.12281150299999943,0.21500788599999865,0.93742415,0.21761178999999942,-0.10790496099999913,-0.4256124689999998,-0.3235338710000004,0.07356502300000045,0.04259913600000065,26674,0,0,0,-0.04433183697244098,-0.5355362360541169,3.13861734443519,-0.03614432578815116,0.01920206919614941,0.30515102109305303,-0.21453992619796838,0.2951345650915231,0.11052748790441025,0,0,0
85,-0.07566482299999999,0.08307739099999978,0.0795641250000001,0.6653562370000004,0.27208502199999984,0.657155843,0.37588192799999975,0.018913720000000023,-0.18066175600000034,15825,0,0,0,-0.12760786310276698,0.11754432981290987,0.09524986392312225,0.4932914734469888,0.5188482171195545,0.5754857625869312,0.4706772489332394,0.06391758258245037,-0.17139308678255308,0,0,0
86,0.3465987170000009,-0.8357224829999996,0.3706862399999977,-2.8825991600000016,-3.362439602999997,-1.0638125580000004,-0.252875972,0.15151884299999985,0.21910136400000013,26675,0,0,0,-0.38618241448468105,1.0714390766483113,0.14204393264255757,0.37888183536313474,0.23106242082705347,0.2560404619022174,-0.24385458409788274,0.38732753555073707,0.26602526492627676,0,0,0
87,-0.007290919000000118,0.10713776800000008,0.043681264999999914,0.5745002739999998,0.8936288559999999,2.247653661,2.1775473199999995,0.3892999320000001,0.4603582730000002,16743,0,0,0,-0.009600035193058897,0.11352302252263591,0.05721495649119793,0.3303513275953,0.4241149610504514,0.4779574181736644,0.547335082440669,0.4942327365062148,0.43236325588466146,0,0,0
88,-0.11015023200000018,0.07242313899999986,0.06562487500000014,0.43845969100000004,0.570349796,0.6038860669999999,0.2628336170000003,0.021518595999999945,-0.04300267099999955,17656,0,0,0,-0.19588542804772277,0.10079568621400403,0.10347449733511097,0.34668928096152035,0.4234053438475619,0.33375370579685887,0.1863088313714493,0.0558842134230312,-0.1270211520768679,0,0,0
89,0.04813701000000026,0.04433729200000003,-0.0030514440000000143,1.520263873,0.18439761300000002,0.4459159300000002,0.48896586099999995,-0.1487229619999999,-0.20429145999999987,12314,0,0,0,0.04466416019410273,0.029953762678728898,-0.005880958254814271,0.7077519928661745,0.9987268937832073,0.40010114992499557,0.4054385532008436,4.740104591295262,-0.16413533119968451,0,0,0
90,0.04635669099999984,0.06124755600000009,-0.22859068100000002,2.6094626219999997,3.734664541,4.807573990999999,3.3513166430000005,0.21847887199999994,0.15619967199999962,16737,0,0,0,0.06120985073065608,0.0719356706092128,-0.3386364918052524,0.5372426298456254,0.6198038834664884,0.5988485107241628,0.5548224167148039,0.22441037781864845,0.11720497752786403,0,0,0
91,0.04690188000000006,0.4640409929999998,1.8320979539999998,3.184702480000001,1.1205955059999995,1.032712573,1.2998574050000005,0.47491925400000023,0.545122968,3689,0,0,0,0.07363421129002433,0.26592317474374405,0.5670323749989065,0.629917917575894,0.6102330509407482,0.5396874402941783,0.5844872335054894,0.4449330719299027,0.3033158341845062,0,0,0
92,0.49047418899999995,0.6105957510000002,0.10567846899999989,1.0200818950000001,5.786024212999999,6.235164361000001,3.4361469830000004,0.548435953,-0.978312157,18532,0,0,0,0.33117973139933315,0.30811893917477684,0.0935300093776255,0.44405364645459244,0.6876478100715284,0.6696170128455093,0.5738309680150029,0.35419214699195717,-1.7594694745515373,0,0,0
93,0.14344338699999992,-0.16818129599999987,-0.16673315999999994,0.5238172420000002,0.3685151980000003,1.911912158999999,1.073783304,-0.23304308000000007,0.06291232899999999,15475,0,0,0,0.2513244040077277,-0.4220891266070995,-0.41102239457680595,0.21567463364759118,0.2668000799321795,0.4600405089475836,0.4470888285728359,-1.1860954117678073,0.10368318719659612,0,0,0
94,-0.05391530500000019,0.023588245000000008,-0.06993397699999993,0.31967561600000005,0.3234548159999999,0.11823939199999955,0.2923617540000001,0.027704654999999745,0.12255586399999974,19284,0,0,0,0.38343841186120514,-0.30752732050309706,-0.08951997578292735,0.14759519306483823,0.13262132322342748,0.0475940102815222,0.24897556422626752,-0.12138094301509642,-0.559013438254426,0,0,0
95,0.3076216430000005,0.969149636,2.6887480060000004,1.0964999520000003,0.005084146999999817,0.8054101990000007,0.38750023600000105,0.5370299669999996,-0.30981995199999934,24290,0,0,0,18.031693277857702,0.5885520876566483,0.44866176110955275,0.12191169492354144,0.0005709065739216904,0.07705876519375332,0.09398794838604362,3.9815945455643447,-0.2537740570668035,0,0,0
96,-2.4690365529999996,-0.22621111700000096,0.30842083999999925,5.52676177,10.823677869999996,5.878697069000001,1.3143810179999997,0.23697472000000008,0.004873438999999813,27349,0,0,0,0.579982624626145,0.21157285315382607,0.29233158596383957,0.7129121707916983,0.6458300124590963,0.6871549781322962,0.39432055502590857,1.1553067414810678,0.006734926281055931,0,0,0
97,-0.0008591180000001586,0.22515996300000007,-0.33132586899999983,-1.0315987919999992,-1.100631549,-2.168282948999999,-0.9143712329999998,0.12332428400000017,-1.7076999010000002,17636,0,0,0,-0.0009663004595879503,0.15347871570031152,-0.2536261167429275,-0.2674657580081963,-0.2647908064657451,-0.4243670114055556,-0.2983614794532102,0.1434339312988015,1.7078074843324758,0,0,0
98,0.060656901999999846,0.012282070999999783,-2.6123400189999995,2.8268795969999996,4.707610817,3.039825800000001,1.2680768229999995,-0.09878150099999994,1.3275168089999996,7616,0,0,0,0.04616874363820568,0.010996672689490129,1.0116034007924066,0.5055300278623895,0.4152990567537877,0.3192279395806333,0.4066011268992187,0.24310442308634625,0.6693495836480234,0,0,0
99,-2.139044644000001,-0.8866642989999995,1.5826883490000014,2.9948684300000004,10.137696269999996,11.631725349999998,2.237101300000001,-0.23710494000000093,0.007132534999999329,27443,0,0,0,0.5723466346473978,0.5507511387390457,-66.77090050674467,0.6773664147719428,0.5852287288532514,0.6960586074983698,0.5408655168046699,-5.056210734548974,0.011881561174737073,0,0,0
100,-0.03039249299999991,0.05288209300000024,0.053152257000000036,0.5094413360000001,-1.0361434509999996,0.12847824500000016,-0.5901324790000002,-0.023714017999999948,2.056511415,13773,0,0,0,-0.03938979147114102,0.049500710874806425,0.04672804154958034,0.14436113972178236,-0.8892807105243895,0.03698664384834404,-0.3472573546279346,-0.09310748622137639,1.8407690701406523,0,0,0
101,0.10792963099999997,-0.03629225599999997,0.10486329399999994,1.4662656450000005,1.432032559,1.9041590410000002,1.2029658639999998,0.023339775000000063,-0.5984475009999999,16432,0,0,0,0.15031776445620199,-0.04929566041702737,0.11463780843892142,0.4057502538224054,0.5064440348236836,0.4650765703678651,0.4619095900053429,0.06620879092433841,-24.453764927094984,0,0,0
102,0.06067805400000026,-0.01096590399999986,-0.16123812200000032,1.4797039519999995,4.565179497000001,3.4617379150000005,1.2210619820000006,-0.12751324700000044,0.06372078400000003,9234,0,0,0,0.048905166954683055,-0.005997349756363798,-0.11428492128485129,0.21796943617189435,0.35613101422162435,0.3264723014129251,0.27398069755424886,-0.08367478713242482,-2.295101962576176,0,0,0
103,1.6152761449999997,-0.029738022000000086,-0.0048286550000000705,1.0566552450000004,2.496803793,2.480369135000001,1.983297317,0.3090673529999999,1.4366245429999998,14120,0,0,0,0.7305857065013281,-0.028141947480622015,-0.006626261823742878,0.2872568854169247,0.5030724287906785,0.34605922511520065,0.38963456983369604,0.3822880166529435,1.060420509736508,0,0,0
104,0.028254137999999873,-0.15653364500000022,-0.016308448000000086,0.20269772100000027,-0.25359441500000046,0.5906688459999998,0.6874144049999993,-0.017314001999999995,0.07333760800000011,16119,0,0,0,0.04835298364073228,-0.2293757450077985,-0.023776186910568663,0.07617949107634242,-0.17380847065340546,0.1610901911845589,0.25682177885509316,-0.039402185396878155,0.08409455347300397,0,0,0
105,0.07237370799999976,0.21108339100000073,-0.9878327929999999,-0.6601279400000024,-1.7982769199999993,-0.9356835599999993,-0.24821586999999834,-0.24368425599999988,-0.432814735,3609,0,0,0,0.02208894293210266,0.06035518425593915,-0.3272423159370692,-0.11890040830159872,-0.5182456033487962,-0.1505993915223799,-0.0589288460280337,-0.10118872333163331,0.5177968463639823,0,0,0
106,-0.09104382599999994,0.2895400480000001,2.0556109879999998,2.58508703,2.392174259,2.823317524,2.125845369,0.705621013,-0.4687767079999998,8421,0,0,0,-0.12342047845608894,0.4625787748564997,0.7768496932963656,0.819911353452128,0.8636503054920543,0.7863785755204533,0.8359413792531396,0.8687536403445587,-0.35980303090322013,0,0,0
107,-0.09945497600000008,0.2613936830000001,0.5471293320000008,-0.0819904380000005,-0.2608227039999993,1.517352007,0.48973073199999995,0.01952779299999996,0.1933545319999994,23458,0,0,0,0.19450894172322766,2.2512374633983154,0.18862832998856532,-0.040660415850036984,-0.19819772761130447,0.34496161827205457,0.23053685973601057,-0.22270344756642765,0.2500274121767353,0,0,0
108,-0.0024508570000000285,0.06797686100000022,0.33023253600000024,0.5099262899999997,-0.16549713200000005,-0.28118984299999994,-0.42299428100000025,-0.11527885100000024,-0.5550639039999998,17671,0,0,0,-0.0028325471500793183,0.08820276800722542,0.2677208525916959,0.28665748178899,-0.40632312891947664,-0.2265166554424898,-0.7116106593887827,-0.29363166529764617,-196.84583036323923,0,0,0
109,0.08973374400000012,-0.06566488799999981,0.03804274200000002,1.999481443,2.170777333,3.371756413,2.8433534949999997,0.26136620199999994,-0.467409019,15807,0,0,0,0.17172127357443795,-0.08059575966752426,0.050231519187371565,0.6835595920457024,0.7473423247563892,0.7335219165445938,0.7451766741499223,0.42313615448125885,-0.42111732594151474,0,0,0
110,1.1908082869999999,0.11822207400000018,-0.5297242100000008,-3.0186488120000012,-2.872933228000001,0.3479691099999993,0.7735484550000002,-0.11471851599999994,0.1401677380000006,28336,0,0,0,-1.2382974138419598,-0.06170152151539569,-8.632542591958906,1.2789778805907328,2.447529309120536,0.10376075693130515,0.38024140038373677,0.35876865901060945,0.1928913824803259,0,0,0
111,-0.24303062500000006,0.10369567099999988,1.537453468,3.3581455520000003,0.20084311799999988,2.2228842779999995,1.6699242269999997,0.460939836,-0.4089169810000002,7979,0,0,0,-0.23944321940335436,0.06573353063132746,0.6369450776894342,0.6976097141924998,0.2738689539836419,0.739805678142426,0.6699831372557504,0.48021789727628983,-0.4583704306240063,0,0,0
112,0.04319559199999912,0.6521397399999995,-0.4544865189999996,-3.3647545649999984,1.4434945960000007,4.287094929000002,-0.006781406000000878,0.2054180849999998,-0.47056249600000033,28430,0,0,0,-0.032043110119757,-0.6202096473592991,3.3486105653749707,0.8059668579212625,3.8212185981880538,0.892453545574058,-0.006865416703658545,0.8001589994870038,-0.3550116458343816,0,0,0
113,-0.09872767500000013,0.004262304999999911,-0.1479361950000001,-0.2604296159999999,0.9911044409999998,1.0070560330000005,1.1866954799999998,0.319046418,-0.3771807809999994,16118,0,0,0,-0.1813646279732047,0.0058955593460590545,-0.23114507611364565,-0.15882054134012846,0.44748055810773063,0.2964691225079789,0.41814094003326424,0.4668365347397707,-0.7266550633410876,0,0,0
114,-0.3026699140000009,-0.1480009219999996,1.1849189199999994,0.40531885600000006,0.5705539770000012,-0.10736627800000065,0.5917213840000013,-0.2757093519999998,-0.24149141900000082,6692,0,0,0,-0.09199565890638638,-0.0474799586354096,0.24280546015306767,0.06450917725612687,0.20190832952949403,-0.032676396602666864,0.21467979438544801,-0.11517596340646297,-0.5396213768376987,0,0,0
115,0.03730124099999976,-0.10130067899999995,-0.007189560000000039,3.66239968,4.516622816,5.996684117,1.9333994190000006,0.14272910400000027,0.27888190500000043,25538,0,0,0,0.1376229018790681,-1.2978548780688866,-0.012516760166726136,0.6223509494597382,0.6281564639058027,0.591341685373303,0.4350941381079375,-5.191939983663509,-0.4872695122448035,0,0,0
116,0.012383556999999934,0.05096618499999994,0.2688311889999999,0.668405682,0.375371412,0.4281588339999999,0.31700421400000023,-0.036728607999999996,-0.7453296520000001,16751,0,0,0,0.015388429192688603,0.058373950724427824,0.206980430215841,0.337155840659769,0.2918279030756954,0.30487807559591523,0.26771264757015945,-0.12798532823455955,-1.3157440202704858,0,0,0
117,-0.23388549499999978,-0.1361648259999999,0.23762274799999972,1.5824915589999993,2.1809908279999988,2.3936173059999994,0.9434449120000004,-0.1991913710000004,-0.7540991199999993,19368,0,0,0,-0.13729854290425317,-0.07783520287700811,0.08614497683256021,0.261385174081929,0.25500172408606653,0.29494842244740366,0.17790626275267926,-0.15077318034759551,-2.2104879241396196,0,0,0
118,0.09773984599999996,-0.262417718,-0.337600268,-0.712163865,0.16138034700000015,1.404718137,0.6042546790000001,-0.27237990300000003,-0.9180833330000002,15133,0,0,0,0.2221360136363636,-0.3027896748482998,-0.4528784085688283,-0.3665549304877533,0.11406803645572405,0.46823937899999996,0.3718490332307693,-3.2685588490742354,-1.8361666660000004,0,0,0
119,-0.00033918900000018404,-0.18697271800000004,-0.3355310490000001,-0.4922713509999994,-1.199982875,0.5763563660000006,0.11076810400000081,-0.3097154169999998,-0.17133688899999955,19366,0,0,0,-0.00019263772901913407,-0.10102347732842896,-0.20543504273822605,-0.17531220590449412,-0.3078592311719752,0.11760415015166806,0.027245291480836237,-0.26131258202640373,-0.20546393690354814,0,0,0
120,0.05882204199999985,-0.003725272000000057,0.09861763999999995,1.8631861990000005,2.9259882979999996,3.8966098800000006,2.9715623079999998,0.384006266,0.1430717460000004,17050,0,0,0,0.0857558266739666,-0.006502720106537355,0.15755897820765147,0.5510168725730268,0.6111651073140508,0.5597431651703147,0.5458507735902414,0.4171837453498433,0.12690484333276067,0,0,0
121,-0.27328376900000007,0.8329396210000004,-0.084271439000001,-0.9259827169999992,-0.9325764339999996,-0.10773137700000035,-0.9905600340000014,0.12717470099999995,-0.18589621600000017,19110,0,0,0,-0.13817362039727948,0.22504263712092779,-0.01311976540652124,-0.14456502280184844,-0.16391637759731503,-0.025065892445862152,-0.26485613288537874,0.11985570008920418,-0.36068918741837713,0,0,0
122,0.0268185510000003,1.5836255670000008,2.9623262109999997,3.070259877999999,-0.32212124899999983,-0.19198694200000044,-0.9790466040000003,-0.15883413000000024,-0.815255649,23708,0,0,0,0.08819927833701016,0.9905860397426989,1.4136342362604513,1.5342271537159389,0.2569505926735638,-3.1390347204123787,2.0158672954187593,0.18146805675482258,-5.5761662264803284,0,0,0
123,-0.1328679880000001,0.5766996369999995,0.735591813000001,2.2405671410000005,1.7489609739999992,1.4528491790000002,-0.560558001,0.002814915999999723,0.05562596099999961,3448,0,0,0,-0.060092128928738955,0.17400872010294036,0.19017076714473233,0.3296639013170483,0.22048614263550412,0.2659950778647209,-0.15210749550584732,0.0013580160863719505,0.020538282457303766,0,0,0
124,-0.05487209300000018,-0.05955862299999959,0.07370277799999991,-0.15280826000000047,3.244262725999997,4.095083030999998,-0.2615917890000006,-0.18496292500000022,0.027944573000000084,24920,0,0,0,-0.7914244220741598,0.3190640529252269,0.06288389045457278,-0.026076379276747996,0.3002989226276798,0.26717095352331166,-0.05739331850788143,0.40134546639759944,0.01850123453384806,0,0,0
125,0.19006937699999993,0.09484387500000047,-1.9337336060000005,-1.829587300000001,0.31282630599999894,0.14565602800000033,-0.30898615399999985,-0.4914418409999999,0.7277408800000007,7928,0,0,0,0.15076979193580736,0.09726606397302642,1.7232254499833606,-2.560872291113768,0.07342752879021565,0.0348384643786104,-0.19690106443093716,1.105582402178056,0.518227106040165,0,0,0
126,0.01671518500000002,0.6609233140000002,2.1240712019999997,1.9587217990000005,0.25177732300000066,0.9064432719999993,-0.0948073599999999,0.08554151099999996,0.3677451599999999,10101,0,0,0,0.015504739995613958,0.2865814745889201,0.7739204512829264,0.48817428185484263,0.1555373379408173,0.23184475264664461,-0.0358946853831414,0.09714598882320044,0.2539561642757181,0,0,0
127,-0.04715862800000015,-0.0793460859999997,-0.270620035,0.8027856019999993,1.458077169,2.486660872,1.1045956080000003,-0.2892358690000001,0.1547306249999998,14791,0,0,0,-0.054068903634212774,-0.07472651327495367,-0.3210569501414767,0.1720377213672934,0.2863980707697599,0.33661701410241135,0.2299312314251031,-2.0672260964563285,1.2859424041912983,0,0,0
128,0.0422033199999996,0.32227616600000086,1.6516265940000006,5.565024301,6.850382922,4.054744816,1.1654860790000008,-0.02103231399999972,-0.05669320699999947,27339,0,0,0,0.06917371884238675,3.0527198235675894,1.1512055678982775,0.5190728537535986,0.49151998405535735,0.3943599896274442,0.3429295416986553,-0.07809188897367426,-0.054183455097045474,0,0,0
129,-0.21490757800000015,0.18079172200000015,0.32585623600000035,-0.765956609999999,-1.2618621230000002,-0.21757724699999947,-1.1293004079999998,-0.3356141840000001,0.042985230999999846,3053,0,0,0,-0.3333774573632329,0.11035192415104438,0.19044613246564052,-0.3408465485880189,0.8434268287103267,3.2901321280432008,1.9627110752657557,-3.9086626535544013,0.02853858449300595,0,0,0
130,-0.1498370929999998,0.006102214999999966,-0.214933908,1.3030121639999996,1.155151618,2.019788845,2.3869151349999993,0.3318004040000001,-0.009321708000000317,16458,0,0,0,-0.1939443559740957,0.009740724708136805,-0.5342623660411128,0.5808692544237452,0.6054287756595774,0.7398166551244363,0.797974986611822,0.5368274664672136,-0.009887852320679789,0,0,0
131,-0.12509536999999948,0.08974852700000024,0.15172980999999996,0.008596362999999663,0.5667654799999973,0.5145686349999998,0.37585244100000015,-0.06341490699999941,-0.23475317899999926,3828,0,0,0,-0.04078458548857059,0.0305823377007258,0.042282667600146956,0.002470533652418134,0.16526118793297126,0.08620200999651394,0.08216876752021157,-0.025771257532907925,0.8346351860071913,0,0,0
132,-0.4667993350000006,0.01060579000000006,-0.44615919999999987,-0.5680180200000002,4.595619751000001,3.790231780999999,0.04418990300000036,0.28005316799999935,0.08875181500000018,27901,0,0,0,0.3098982661628043,-0.01341462863811709,2.966555287218734,-2.4489285048950946,0.6434631944627891,0.5514998258308542,0.028281007232555708,0.9208684330644803,0.2203063819492663,0,0,0
133,0.03185879699999994,-0.015127314000000114,-0.24071747900000007,-0.0643820220000002,-0.011088736000000043,0.6190192339999996,0.5462376399999993,0.053016946000000176,-0.41981884699999994,10836,0,0,0,0.02693476421862341,-0.009532769121108692,-0.4172330721559604,-0.030175984159071488,-0.004314517408024779,0.16584285080122807,0.16234577683810583,0.06427178652123477,-0.4164230535847776,0,0,0
134,-0.3093065130000001,0.011583476000000203,-2.805102188,-6.92700845,-1.315222694000001,3.6666043790000016,-0.45369814799999997,0.032536427000000145,-0.25429119399999944,27834,0,0,0,0.2218235688716597,-0.012173294185650628,1.7139078499084892,1.8316518325961355,-0.32695778737303133,0.43611022062565163,-0.27337056289656897,0.0824624510765479,-0.5510627233402304,0,0,0
135,-0.11250485899999996,0.02956754599999989,-0.1114638939999999,0.4863368910000001,1.3631269980000003,1.690062176,1.38607207,0.16974933400000003,-1.2308767809999996,15791,0,0,0,-0.21312314338096466,0.03884411593932208,-0.183257414759162,0.23256231373783803,0.7223926313506294,0.6058092589740369,0.6256679360422317,0.36660147469828175,2.375281821582086,0,0,0
136,-1.0003050790000003,-0.1217448400000003,0.09955785600000011,5.549701936,10.579935522999998,12.067665315000001,3.481667757999999,-0.1734805460000004,-0.03386172799999976,25539,0,0,0,2.5891490280652314,-0.696251799615537,0.13968347133551237,0.6710212839490615,0.7484657727046037,0.71574376122195,0.5381647079629579,0.3942986046755455,0.8200671476238618,0,0,0
137,0.17312569799999888,0.7439090639999995,-3.0186379509999997,-7.485245559999999,4.824066565999998,7.744494600999999,0.405778599,0.709811405,-0.5878887329999989,28298,0,0,0,-0.055431796885789586,-0.3676116414069405,1.1358311783139847,1.2137644336362292,0.7765810580179147,0.8188859317758305,0.18430632517932366,11.871319456723029,-0.9239253773022298,0,0,0
138,-0.06706693800000008,0.0036345490000000424,0.18067626400000014,1.4717576810000006,1.8705274949999993,1.4558721710000002,0.9827923449999996,-0.019280636000000184,0.03157745700000003,14287,0,0,0,-0.5175716098262287,0.0061583819495126925,0.11821168032782416,0.28403790282968144,0.20277824095895572,0.22280337605719142,0.36046900117049485,-0.07667605991651537,0.2050613236309398,0,0,0
139,-0.24589930000000004,-0.06052128400000001,-0.005738267000000352,4.850546919000001,11.113643391,10.603621029999998,2.4893949260000006,-0.044363577000000376,0.018984488000000077,24757,0,0,0,-0.41823575112577266,1.180321532110658,-0.0037548629068592052,0.4314714038165944,0.5711506318898772,0.506109470800064,0.39179625550700875,0.08079534579258052,0.030205628295786977,0,0,0
140,-1.2385176000000016,0.1510529089999988,-1.6169837539999996,-3.57210564,4.984366126999999,4.060983247000001,0.12799489200000025,-0.1483659890000002,-0.08089426799999977,28296,0,0,0,0.333147204200997,-0.059936091319077345,1.3145108580797438,1.798278325280503,0.663160997134023,0.6177739286731709,0.06811361746262325,0.5708474811429017,-0.09257373760610853,0,0,0
141,0.04050932399999985,0.22497971799999972,0.021270132999999802,0.6879776450000001,-0.12052123999999864,-1.160727444,-0.554652011,0.03783682699999957,-0.1292194499999999,5937,0,0,0,0.01360382292810755,0.11116777340974701,0.06797355941583381,0.17164421165832308,-0.026800004124115876,-0.3167743727695797,-0.19949832114453783,0.023453204604600226,-0.3902311293975661,0,0,0
142,1.0475017930000003,0.5653001550000001,-0.6967090559999991,-3.199481011,1.9130302299999977,6.245898917000001,0.3799451439999997,0.24052044099999925,-0.5577753959999998,28471,0,0,0,-1.7573828601305277,-0.8306624840512629,1.6730317553532714,1.2223782186962573,0.47163224226459627,0.6958071840923908,0.18195302307603167,0.7310869294930491,-0.4415553624625709,0,0,0
143,0.05385790899999998,-0.12850476700000002,-0.22255419399999998,-0.1674343709999997,-0.24114499600000006,0.01625656000000042,-0.15522878900000014,0.01223548699999999,1.056977942,16422,0,0,0,0.12075512794642654,-0.17302286126444547,-0.37050963376399737,-0.0608981400327705,-0.09115960310219935,0.003630963361380949,-0.046361400451836524,0.017092804593710313,0.6257504737792166,0,0,0
144,0.05440656899999985,0.03479736500000008,0.05035355600000002,2.9092128389999994,3.7171211299999998,4.226238194999999,2.341655437000001,0.412287215,0.40508890899999983,17036,0,0,0,0.06511227525408865,0.03686700839864707,0.07153275631477052,0.5461318727707458,0.5086306512598366,0.44773393154732827,0.3791231429207825,0.35895040152846747,0.5918172821770952,0,0,0
145,0.11057594599999998,-0.00024127399999995802,0.15205453200000008,0.42704217899999986,0.3372774639999998,1.2753130399999995,1.2603381679999996,0.29706571400000004,-0.2541094589999999,16742,0,0,0,0.15491829122317763,-0.00028925950206471477,0.15141291221384828,0.215938122478131,0.20252073098803058,0.32173364081571965,0.37420156117032727,0.4051766504163849,-0.21687588463194687,0,0,0
146,-0.037702350999999856,0.10469548800000017,-0.6891797320000002,-0.5284241269999996,-1.556543554,-2.1114513420000005,-1.8687133980000001,-0.17790250699999977,-0.18615310900000015,21785,0,0,0,-2.5892419653002445,-10.794779308393093,-0.38619057633368475,-0.13529590966971866,-0.5394786677340931,-0.8328060713896476,-2.196841552057534,1.2512884748727446,2.718676903461924,0,0,0
147,-0.9063143450000001,-0.1525446800000001,-0.026641791999999942,1.711457014,1.4400126910000006,1.669374318,0.8052779919999999,0.17949422800000003,0.518799258,14124,0,0,0,-1.2565037545195035,-0.17512679412564883,-0.0295642419430877,0.41252263210475226,0.496050359043339,0.41371448841902303,0.2971917632648655,0.5045843411300663,1.957104035819492,0,0,0
148,0.021187954000000175,0.25316469499999994,-0.14003462499999975,-0.6004113449999995,0.3545957529999999,0.5894685109999993,0.7215460650000003,0.15508579,0.4498718349999997,8640,0,0,0,0.016352487540549528,0.12420394626042763,-0.16963619517134582,-0.24400961655102613,0.22828017370117273,0.2156120601654976,0.2868529341965009,0.2193420535931323,0.35214994303216873,0,0,0
149,0.6443288169999999,-0.1588691080000002,-1.2444278240000002,-1.0732752479999994,5.551867614000001,4.641869995,4.150214194,1.1025370730000001,-0.8737925879999993,18533,0,0,0,0.4091965055363351,-0.09473623155901907,-0.8696970604594002,-0.33507677365366856,0.6840550984538454,0.453375621492819,0.6195117845155138,0.629103949933961,-2.431111387184724,0,0,0
150,-0.26146522999999977,0.5680596220000007,-0.019767474000000895,-2.391438410000001,-13.151730261,-12.030466699999998,-3.624073137,-0.03138579799999963,-0.418578374,23370,0,0,0,-0.7297533982164511,0.5644557621800725,-0.011548494892919871,-0.18363531945596734,-1.3026308146432137,-2.1176099551308343,-1.5217921976675046,0.04563422222408666,-2.003923776318593,0,0,0
151,0.30412599600000023,0.0896337690000002,-0.1620553560000002,-0.004164448000000043,2.1236402759999997,0.9881709690000005,-0.6284464259999996,0.003576084999999729,0.14372343500000007,7931,0,0,0,0.21905738386177742,0.09481785811593454,-0.08525795135698895,-0.0009732239252050825,0.25474722334880356,0.13071602874820096,-0.3005896727619388,-0.00816557636131634,0.25635918799622115,0,0,0
152,0.08491400399999982,0.04192017800000025,0.2497619019999997,0.5919851970000005,-0.4590280499999997,0.2967022399999997,0.11702993299999997,0.0058501639999998245,-0.07980921900000015,9730,0,0,0,0.08026490354757805,0.024015267985521255,0.12816200890358329,0.16008984316297104,-0.37837901050874295,0.0970803563062733,0.04621104026672078,0.0069124091243513855,-0.06902435148204492,0,0,0
153,-0.13090792100000015,-0.09367690699999986,-0.15989192499999993,1.7894267470000003,3.115750021,4.811273047999999,3.6367480839999993,0.5819583740000001,-0.3125743649999997,10468,0,0,0,-0.11813688604004537,-0.06149182274493733,-0.3452941649513057,0.5181538548733804,0.5428157606510357,0.6530189587040011,0.5595413837467786,0.3882984117154749,-0.2887367305862003,0,0,0
154,-0.05841959000000019,-0.15620200799999973,0.158545379,6.085150724999999,7.964183038999999,11.638706635999998,1.859258872999999,-0.5735099849999998,0.6631691279999998,25075,0,0,0,-0.32264905860125215,9.762000731953187,0.11912790697067198,0.6863171177107305,0.7958523144261402,0.7379292193866148,0.4320017483267221,0.7562166383152776,0.49217080363091387,0,0,0
155,-0.276099152,0.07007329399999973,0.05487644200000008,-0.3699942120000008,1.1334048390000007,0.7106042949999996,1.1871282499999998,0.423927717,-1.1655502580000006,15449,0,0,0,-0.22470201885658583,0.047556397587042866,0.0496511950213329,-0.060870219546008165,0.10080087490004647,0.06605832264745788,0.1921419874670002,0.4567567276949937,1.7507893034255233,0,0,0
156,-0.5211387249999992,0.08474574200000085,1.210138327000001,3.271699240000002,2.476854989999996,5.341803808999998,2.1984598460000004,-0.4132118200000008,-0.6146057479999998,22188,0,0,0,-0.5768837895713486,0.11375810657674452,0.5380207758067491,2.0145032941326595,-3.099003377485835,1.100137682077131,0.5534797194302784,-2.1479204062518344,-1.4513767924078924,0,0,0
157,0.007674154000000044,-0.16429009699999986,-0.08050239199999998,3.708972457,5.500545399999999,5.99648139,4.1470037190000015,1.034712409,0.25819225199999973,10828,0,0,0,0.006639463540657972,-0.10542035737265722,-0.11444605000136399,0.6654428467046436,0.7285344387366679,0.7473485601030582,0.6617759130585138,0.5510628841556785,0.30871332021779657,0,0,0
158,-0.08203706599999994,-0.03342371699999991,0.04514828900000012,3.0320894670000005,4.255645728,5.242693615,4.335429073,0.7515715339999999,-0.3344966669999998,16427,0,0,0,-0.14552680786237857,-0.044243035649874266,0.058352776821210636,0.7720748041367805,0.8570827706159833,0.7892932251590287,0.8188319928557624,0.7146743475121964,-0.4398693304440372,0,0,0
159,0.015505730999999967,0.08506615299999998,-0.028486925000000163,0.06883468299999995,-0.14770976400000002,0.23969544700000012,0.18791968699999995,0.1662110280000002,0.19836013400000008,17052,0,0,0,0.020327171807571976,0.09669335630460046,-0.02503627467991433,0.04690083797271979,-1.4452660031445816,0.21299400897874338,0.18628836906650303,0.36361940381199187,0.24933381809680835,0,0,0
160,-0.03767957599999994,-0.22888323200000005,-0.05015324700000001,1.5348420969999994,1.3706753870000004,2.389014714000001,1.404121152,-0.03944607099999997,-0.8408926250000004,16740,0,0,0,-0.05664253574288691,-0.3774740601033162,-0.06101385839762094,0.43390032540006307,0.4476487658834939,0.4595759692282939,0.39382815666351734,-0.0913851899883814,-1.7254603331647531,0,0,0
161,0.15856081399999988,0.4764244819999992,0.978143588,2.1929357020000007,2.680366191,2.730977203,1.913072155,-0.3898669380000004,-0.05668050300000038,9231,0,0,0,0.09887979489562226,0.2026763252690473,0.303453087368252,0.3752569290161818,0.37045084108473325,0.40171275376401705,0.45800479624595175,-0.31426098297077426,23.45399800634219,0,0,0
162,-0.025874779000000014,-0.05659753399999978,-0.0564746399999998,-0.051320579999999616,0.5040728149999993,0.5469467669999997,-0.415703803,-0.3725672630000003,0.330303625,21742,0,0,0,-0.13187385805819662,-0.027328055938313108,-0.01815074273761079,-0.014976516525723965,0.14623544004188907,0.11773863277503004,-0.18969443947858017,-5.824957300999814,0.5641278892548255,0,0,0
163,0.046374414999999836,0.06298071400000005,0.006508776000000105,8.054850946999998,12.72015546,14.551657874,4.736331019,0.01223510599999944,-0.1695498329999996,25389,0,0,0,0.3618355768436407,1.055516876799516,0.007430649193285258,0.8670762981982203,0.941462612809958,0.9011732269651931,0.7563430375748226,-0.04817366003949881,-0.24946537186080553,0,0,0
164,-0.17217587899999998,0.5463441570000005,1.4517606979999993,2.6221622839999994,1.446180786999999,1.6691946799999986,-0.10447529499999941,-0.2572074959999999,0.4501968220000001,21915,0,0,0,-1.5337523474954198,0.2557731383848685,0.32127899665950704,0.43663283665150876,0.3511278015116392,0.2943256860937385,-0.06779592703453724,4.217335251410704,1.2369204343253393,0,0,0
165,0.6850391680000003,-0.01314374500000004,-0.42850177099999986,3.2319280729999997,7.672542006000002,9.92859076,0.5038273570000005,0.07409013799999986,0.4942592260000005,25823,0,0,0,0.6700943184331472,-0.045805524773418135,-0.7002046389847713,0.3502761873996843,0.491136938615518,0.43776903004188844,0.07801620236998998,-1.9723570770537093,1.3816877870813407,0,0,0
166,0.5433708190000002,0.26594198000000047,0.4408409489999996,-0.568042490999999,-1.1098254600000015,-1.9078746590000009,-3.230367575,-0.48447709600000044,-0.018630364999999927,24879,0,0,0,0.43718124856829355,0.22492749762132558,0.2572847915691971,-0.07577868944458556,-0.07261375955525684,-0.11858438784511698,-0.727467084134515,0.855181648207253,0.024037774140717384,0,0,0
167,-0.02869646399999981,0.16882578799999992,0.18669612599999952,-0.608509406,-2.445173679,-2.7743985299999996,-1.9519105789999993,-0.21197666199999987,-0.504851224,7073,0,0,0,-0.02683596163945085,0.09152093788300324,0.2588120145619666,-0.23835274537720422,-5.223450505377801,-5.324911691089147,-2.055939904609285,-0.303025366673186,-0.5418215639645121,0,0,0
168,0.33995014499999865,-0.09699499800000044,-1.4422744960000005,4.807828193999998,10.097646132,9.47814048,3.6200875229999987,-0.24445601100000047,0.09554219400000008,23927,0,0,0,0.28248672082593235,-0.8965924199942823,-1.1494497877957672,0.5969846766152113,0.7865556208023546,0.6957593942231515,0.5540307857972406,14.362697399243318,0.07940794358030444,0,0,0
169,-0.15489682699999974,-0.004152378999999984,0.38551764700000013,1.5646717690000003,1.5154038360000004,2.020876831,1.539326633,0.38955896199999995,-0.35367093800000005,10102,0,0,0,-0.13595699481745607,-0.0026431526785801896,0.22345391110074989,0.4005855727664993,0.4684428655009452,0.5401453429456311,0.5216579597660064,0.3885709852984899,-0.27281136320222227,0,0,0
170,-0.010450090000000078,0.12320443600000008,0.08672149200000001,0.8170965380000004,1.0138020929999998,1.2726457559999995,1.009481063,0.17088128499999988,0.24858354500000024,15790,0,0,0,-0.01652625279315594,0.15279934581811677,0.11941264678051702,0.3764690382518146,0.7693557931710258,0.5718873878317381,0.5521130342754149,0.35815840341310634,0.2404025330885971,0,0,0
171,-0.231889,-0.06587409499999997,-0.22246564400000013,0.5271969699999999,0.5514682989999997,1.4960358639999995,0.8039980559999997,0.13697694400000004,-0.3159442429999997,15796,0,0,0,-0.39004574279534737,-0.1129430422290483,-0.40798008683688863,0.2650294125898225,0.36312993709413394,0.4379643098072761,0.35299292957403905,0.2575260939887397,-0.5035048833485015,0,0,0
172,0.13610765899999988,0.13741265899999977,-0.18682417399999984,0.005385731999998811,2.0951074419999998,1.7458860969999979,-0.20837607400000024,-0.26131764299999993,0.09950312199999889,20141,0,0,0,0.0952669171834217,0.08005139042525682,-0.06607435778996436,0.001333062698733593,0.38115963142440284,0.32866316067372353,-0.09030234168476688,-0.2030490201975098,0.11536207843526414,0,0,0
173,0.20679479499999998,-0.03936037800000003,0.10590500299999994,1.4371985910000005,2.4393679739999987,2.694262248,1.6533507409999997,0.19295705900000004,-1.1991939379999996,15121,0,0,0,0.1666432262994153,-0.028565574032800838,0.09826681368308213,0.37500801126391997,0.5198539665388201,0.42091395783509716,0.35993928692211313,0.28374226226983496,2.453972538021752,0,0,0
174,0.018611597000000035,0.04196213800000015,-0.051785168999999964,0.10394363299999965,-0.058538115999999585,0.6193111289999997,0.2118567710000001,0.042013155999999885,0.14704698600000032,15793,0,0,0,0.052356144762665126,0.04890053392583607,-0.08707328518930314,0.06145689109824904,-0.13002009292657765,0.24870920365434385,0.13741982297706348,0.09466315566119593,0.11301708752243883,0,0,0
175,0.0028549619999999054,0.05651277600000004,0.07905659399999987,-0.28434557900000024,-0.2655267010000002,-0.34532867700000014,-0.2769013570000003,0.025857351999999723,-0.010589230000000338,16748,0,0,0,0.00347986628973932,0.06438605332879606,0.0581609737166195,-0.16551698909001408,-0.5266289666539429,-0.30496972659380034,-0.33391597466176043,0.07170009272996948,-0.014182967696738283,0,0,0
176,0.02046014000000007,0.006508927000000053,-0.023346831999999984,0.025144620999999923,-0.4253308170000001,-0.055541512000000015,-0.14823649899999958,-0.031651905000000036,0.2362079760000002,15468,0,0,0,0.05638508660600494,0.00786612918571991,-0.08836937083681669,0.048534886218826456,0.5073856457804758,-0.19022684766307574,-6.724748334276593,-0.1544846644177138,0.17924601182819225,0,0,0
177,-0.09392688100000002,-0.02467833900000005,-0.047815161000000106,0.5577963399999994,-0.44922021,2.6641205329999993,0.5201080220000001,-0.1430214270000001,-0.10265972199999984,15471,0,0,0,-0.27700625433533393,-0.0290783298893755,-0.09868944226254582,0.20601974475090465,-1.7398172625725201,0.4584595960310162,0.18219286847026517,-0.43971823252398995,-0.13760223849879663,0,0,0
178,-0.22583333400000005,0.22904762000000023,-0.252207792,1.715530302,3.5016774890000004,3.642797619,3.283333333,0.992222222,-1.460714286,15125,0,0,0,-0.2852631589770638,0.20389995833596458,-0.5670624870626003,0.6356491225109084,0.7411891371300755,0.6322276056592688,0.6936619718094128,1.0420070011766644,-3.1461538487053264,0,0,0
179,-0.17935297000000006,0.2628168519999998,0.11984120500000017,4.898105194,6.052344065000001,8.737267582000001,2.840491019,0.29299487400000057,-0.11570771600000018,25687,0,0,0,-1.27601541398249,0.6806602652515251,0.1765974082536731,0.8994831694480906,0.9581561875697321,0.9103921676630534,0.6963792951878813,-1.3473388422000778,-3.1018161839402105,0,0,0
180,-0.06904875799999988,0.268759572,0.24895862300000016,7.6302454090000005,8.665652636,15.357345251999998,3.9100736869999992,0.042993452000000154,0.4192862719999999,25688,0,0,0,-0.051614427300871346,3.5894379484943126,0.3347451830034852,0.9449577013897322,0.9917889040315453,0.96282371056101,0.7794635687288219,-0.26193463657498134,1.0907418221146044,0,0,0
181,-0.468494749,-0.1949173559999997,0.050962062000000086,7.888222108,11.294034282999998,13.299347887999998,4.721636702,0.6378687370000002,1.0201866909999993,25540,0,0,0,-1.4149187497735662,-3.221389563220606,0.06610035644510953,0.9032053471631063,0.9653222087086061,0.9158249447610333,0.7734089706575777,-5.66367813608674,7.1880496094626665,0,0,0
182,0.025162454000000167,-0.22988659499999953,-0.8355461440000003,-1.8511281490000009,-2.9907178930000002,-3.081024232999999,-1.269500843000002,-0.07077749899999963,-0.020154944999999813,17316,0,0,0,0.013910325371378292,-0.08586010041659445,-0.19231800220712625,-0.3463655524968239,-4.484709608505209,-6.077021767326277,-0.429948964204509,-0.11893334668319602,-0.12075196657590688,0,0,0
183,0.17032470199999983,-0.13771041699999986,-0.03783623600000008,3.5209103060000007,4.834919770000001,6.479623505999999,4.182121579,0.17798728500000005,-0.37694497800000004,16738,0,0,0,0.2144509367208751,-0.20403597372532498,-0.055881171659817076,0.5872069908734096,0.6832626246130835,0.6525571380740455,0.6261605133359606,0.2646072680023847,-0.6118757664395956,0,0,0
184,0.0744974650000001,0.3630522549999997,0.859303315,1.2849566830000003,-0.058205482999999836,1.7432883750000003,0.8410166929999998,0.1869752400000001,0.16719322099999978,10100,0,0,0,0.07344808191955754,0.18994512680251632,0.5143072202322156,0.467887126528795,-0.055008153080035566,0.5177095126392607,0.3410541766272177,0.2582357429061473,0.10951155783635737,0,0,0
185,-0.0024435469999994908,-0.004023653999999821,0.228610588,8.216644207,13.297936487,12.979560867,3.1866695080000005,0.011007260999999602,1.0391712269999998,25388,0,0,0,-0.02209751671282565,-0.03726320146449393,0.18389314751446598,0.7958312798332112,0.8859223364178392,0.8282755785133701,0.6516537960565817,-0.023140598748573382,0.6331405689632404,0,0,0
186,0.009140313000000178,0.056459352000000074,-0.10881487899999986,-0.010441163999999947,-0.23559284699999983,-0.04186043599999989,-0.060840595000000164,-0.11070693900000006,-1.2053878,16753,0,0,0,0.0098575765819767,0.0627250351733617,-0.09513271573267039,-0.00573681342101037,-0.28552750139383987,-0.03671647528904669,-0.06335382152350684,-0.38238330307588425,-1.212028701604742,0,0,0
187,-0.36263144999999986,-0.167044537,-0.3446883410000001,1.4695032600000006,1.2402028420000004,1.1310128070000003,0.15335385099999854,0.12668105200000013,-0.05347656200000017,14126,0,0,0,-0.5091566964993133,-0.22010024548113458,-0.26870264351827955,0.2089736317898124,0.26471076148136563,0.17678522397436622,0.02989706105950525,0.19085243930344364,-0.10321651701538845,0,0,0
188,0.19742076000000008,-0.03165489200000016,-0.03729531000000008,0.43913408399999954,0.6040942190000003,1.149576335,0.4296522220000001,0.06601295400000018,0.006388906999999833,13769,0,0,0,0.1881745790704951,-0.028063556620116087,-0.05684813242999175,0.147302089161408,0.20433469798163015,0.22060444577697866,0.12166993775114712,0.11171153245949138,0.020352295559719836,0,0,0
189,0.164093877,-0.04234912299999993,0.03778641199999999,1.937824033,2.36661562,3.1382473730000005,1.930319185,0.19229084799999985,-0.6122691299999996,15803,0,0,0,0.21150104256117858,-0.06400819233560573,0.04850633596867559,0.5592992179928736,0.7015553555662016,0.6145156634882826,0.5963689852992861,0.3146045887029181,4.57992309275876,0,0,0
190,-0.10686842499999982,0.11676547100000012,-0.04181451000000003,0.7610714070000002,1.636254289,2.183228689,1.4172953360000002,0.10619312999999997,-0.13690721200000033,16747,0,0,0,-0.1346063972719379,0.14314063847690153,-0.0467691028016086,0.3373043553095986,0.5751197663519658,0.5720016548425506,0.5186001100767026,0.19979133849984385,-0.10435932902303557,0,0,0
191,0.0172625569999999,-0.06824049799999998,-0.2109836970000002,1.6755456409999998,1.97217304,2.6950367700000006,2.299103819,0.162469619,0.398400525,17041,0,0,0,0.021710534304451898,-0.0685434824002976,-0.2729932997881283,0.36224153633506534,0.3854894593991699,0.3772752157426621,0.39029444046499223,0.1933100649276691,0.3746937013521614,0,0,0
192,0.046156360999999535,-0.022717328000000148,-1.2734170199999997,-3.6740567540000004,0.5152166760000005,2.519705512999999,-0.11719393700000058,0.28042761200000044,-0.15867178400000004,27900,0,0,0,-0.03769775563091938,0.024546009115549893,1.4747458077835938,1.0576737391084758,0.1723455644725295,0.4331670406748528,-0.07900977398972843,0.6225726472683746,-0.31315014868070457,0,0,0
193,-0.13741570200000008,-0.034076985000000004,-0.10789316999999998,1.4765910289999997,1.4041466200000006,1.5363144439999998,1.0306277069999996,0.025593387999999995,0.3143758540000001,16457,0,0,0,-0.1780648117746378,-0.05692418816344869,-0.1664513610321262,0.4900726943356086,0.5317515201763179,0.5368245348244243,0.5103272701903887,0.061427807236554006,0.6164064212851539,0,0,0
194,0.05923548199999995,0.008893063000000145,0.06420823800000008,0.9205081889999998,0.488997684,0.8155944439999999,0.9015052839999997,0.1132316550000001,-0.059059916999999906,15824,0,0,0,0.10130979509516258,0.011831830321904137,0.0815577808658215,0.5787369020854264,0.7344597262305977,0.6565514523530245,0.7296548373575634,0.36328050572578585,-0.05490708226243331,0,0,0
195,-0.984455096,0.11980106800000012,0.038650597000000064,1.568220379,2.3769032560000003,3.6770511119999996,1.5820147810000003,-0.0424945090000004,-0.26565602000000066,25938,0,0,0,-5.198480523348914,1.0781436306879464,0.1752234234147651,0.8367470518024677,1.0100081390507782,0.835271877954183,0.5584827376930356,3.419736343691057,1.0731169054978011,0,0,0
196,-0.08187939499999985,-0.0622411169999999,-0.04171550200000007,1.189025539,0.7114431539999999,2.3328321939999994,0.6736404890000003,-0.02121660900000022,-0.679799413,15473,0,0,0,-0.145608800646711,-0.11291714792186584,-0.07936139348612464,0.41105158631200794,0.5276630452835661,0.5157474023478065,0.2950483647926841,-0.04718041575098102,-0.6954244231295982,0,0,0
197,-0.11754568100000018,-0.045078553999999826,0.127380771,3.6281779019999996,3.973729146,3.607553771000001,2.4881718450000005,0.029191616999999948,1.1216736220000003,14783,0,0,0,-0.1019725348941822,-0.0331122991005283,0.189107070514837,0.5878402516334268,0.6043607089007531,0.5351867524717717,0.548682496430336,0.05801690113014032,14.40207626405488,0,0,0
198,-0.16170494599999974,0.1977369429999999,0.643172858,6.180317322999999,6.591679675,5.412815611,1.5672834900000001,0.015560296000000085,-1.0026148059999995,19649,0,0,0,-0.34419290752756576,0.31200987526679846,0.5051866283989136,0.6691006605640215,0.7123185770498425,0.6149068386563223,0.5006439565188677,0.023435974245529168,-1.7804992138846227,0,0,0
199,0.12061571400000015,0.01561333400000009,0.4611678170000002,2.2494359729999998,2.713379775,2.7972084359999982,1.6625585840000006,0.2883616240000001,-0.29906499700000033,16729,0,0,0,0.1538267648594642,0.017449547687011784,0.3932695154324684,0.4455887161087649,0.480968605081104,0.36327836062847796,0.33497189908742697,0.26317390702977406,-0.281042248579411,0,0,0
200,-0.6595346439999998,-0.3184941769999998,0.17998672799999982,9.978083158,13.500564991000001,14.752803977000003,4.686935343999999,-0.1164332960000003,0.1699266159999997,25387,0,0,0,2.511892123758397,3.491794604084324,0.14403513498778658,0.8447900348025754,0.913530563587666,0.8630205729495224,0.7389720828927749,0.24410969170143726,0.3988441509021132,0,0,0
201,-0.1040300649999999,-0.18148048200000022,-0.05988036199999991,2.3103238160000004,3.0754533200000007,4.347129284,3.600246294,0.4288434259999999,-0.9093855070000001,15132,0,0,0,-0.19225123305212308,-0.18233401487372639,-0.0701293715237545,0.6381899964500948,0.7561896156722585,0.7539635721212093,0.7504518036132813,0.5097482978606295,-1.2708304568352793,0,0,0
202,-0.45423258499999997,0.00497281000000005,-0.5135920489999997,-2.0131486329999992,0.9081590380000009,-0.4452815130000003,0.7552157300000002,0.05489729600000004,-0.6754687939999995,19650,0,0,0,-1.0200798028301588,0.009648124818111054,-0.49652484220738063,-0.39665393226165707,0.1864085903995569,-0.08425832219736179,0.31684505333801055,0.05895134276130004,-1.5293376962459302,0,0,0
203,0.138015966,0.20394698600000005,0.596042212,1.905502241999999,3.3783076149999993,3.541303126,2.047536109,0.30212758100000014,-0.32534707800000007,7976,0,0,0,0.0896305329239169,0.10892151357029908,0.5159726893078301,0.3563616776244601,0.509969700478865,0.4882816993986726,0.36459775123402793,0.296791675650729,-0.4881027293018937,0,0,0
204,-0.14869065800000003,-0.08769910600000008,-0.20026267899999983,1.379820013,2.3280333410000003,3.3850257970000004,2.625748688,0.12283275199999999,0.205146971,15131,0,0,0,-0.26225425422086474,-0.07961030971609244,-0.25908966360451713,0.47418437199312,0.7206687906611866,0.742808766835415,0.7235236844201469,0.203829675156907,0.1955988129880025,0,0,0
205,-0.07402773699999976,1.8169248749999993,0.677060640000001,1.9129051520000007,-1.1419309209999975,-1.9453335029999994,-2.203059643999999,0.1499704610000001,-0.8403168940000008,23707,0,0,0,-0.28820952029802116,0.918000779555852,3.11757663049158,1.4377233294134324,0.7527251425696243,1.420983469439725,1.42432610573479,-0.24564798794122236,112.24495195055461,0,0,0
206,-0.3482597489999999,0.04063879600000009,-0.5950894760000001,7.459067243999999,25.368164529,27.591934314,6.622864150000002,0.31507423800000023,0.04524275099999997,25525,0,0,0,-0.9320244451031661,0.24713762638014505,-4.816513264629643,0.9244895830143254,0.987324772067092,0.9655853374656567,0.8079177787439883,-2.1217562043665192,0.06536185900650107,0,0,0
207,-0.029855805999999818,-0.028360866000000096,0.07379380499999999,1.906183188,1.3492531179999994,1.902845999,1.3741067529999995,0.31121538000000015,-1.0402825030000002,12315,0,0,0,-0.028005048460567245,-0.019584510718832764,0.10772694826118254,0.5698151739218099,0.5836015379002774,0.5640462659782414,0.5078943571356531,0.5160175736487201,-1.234533595135758,0,0,0
208,-0.08267434699999998,0.2351630699999998,0.333014053,0.7822342119999997,1.3242791990000002,1.767735691,1.3160877650000002,0.31239149,-0.260731853,8304,0,0,0,-0.07044326434441427,0.12098770693431142,0.2548910153558261,0.2190740475213476,0.432692322257282,0.37603564122374605,0.3348408188966806,0.30567210461880284,-0.28907949471946554,0,0,0
209,0.28774542899999966,0.19338266799999992,0.8940113699999999,3.9186684350000007,4.757446801999999,4.100206719999999,2.528270935,0.0003135460000001089,0.39122743900000057,17013,0,0,0,0.16420756664907932,0.09991187215570602,0.39333966451962227,0.5455971328484481,0.5967436252027742,0.5098783145064617,0.47537463658412926,0.0005564322726702289,-1.3237406817154544,0,0,0
210,0.1194274749999999,-0.052749743000000016,0.0036343019999999226,0.8174580659999995,1.8578065769999998,2.4617600710000005,1.4141009639999997,0.03403645099999997,-0.4310541930000005,16426,0,0,0,0.19283204916846822,-0.09958800477688703,0.006010931530332381,0.21418342856377307,0.31530446583818006,0.31235315097219946,0.268717104359224,0.04022963821855571,-0.7554559640817483,0,0,0
211,-0.01314320499999988,0.006690320999999888,0.015896766000000007,0.4269059839999998,0.07815393399999992,1.1437168769999997,0.497680028,0.02991764000000008,-0.332084021,15795,0,0,0,-0.025941452804965057,0.009383351597452268,0.024988886093371892,0.15873821615152556,0.055346173701326155,0.2871913621764637,0.17823177427729778,0.05321763040659836,-0.5224993392842364,0,0,0
212,0.17200496900000006,-0.15724876200000049,-0.25982747799999983,6.118759464,21.232783064,22.461185781999998,3.680688062,-0.009597709999999982,0.6255461800000006,25676,0,0,0,0.15637891492247535,-2.5153798010260706,1.285628125365194,0.92934657633092,0.9803124733939406,0.9514439789291441,0.7025000728573975,0.04279998411028216,0.5811112734500238,0,0,0
213,0.206062972,-0.07817406400000015,-0.3342200249999999,0.7005564750000008,4.144875365,2.1501511090000003,0.9680479630000001,-0.03388114800000008,0.4618726259999999,14797,0,0,0,0.2471250919315229,-0.07200239160407537,-0.3442798920527794,0.12695635794140203,0.4675490487179845,0.2599145089901497,0.13938512056028954,-0.02671296285718181,0.40425518972329433,0,0,0
214,-0.16433698799999996,-0.11973499599999993,-0.08714601199999983,2.1941561039999997,2.516216651,3.255657249,2.33679655,0.2433207220000001,-0.28261496500000005,16739,0,0,0,-0.21855163937400401,-0.1649362200080723,-0.10231394076361516,0.5433056231753454,0.603100691705201,0.5931438278552751,0.5666176177989316,0.3682942265570985,-0.33640264414855986,0,0,0
215,0.05906281999999985,0.1647500300000002,0.342995191,1.4981908449999999,1.2017518180000002,2.0362375900000007,1.1205498299999999,0.2384404440000002,0.6627106550000001,13770,0,0,0,0.05635567678150018,0.12781620407146183,0.3374031371976971,0.423569252486949,0.3961928565149074,0.37884647491213486,0.3116655763436556,0.30923384469575366,0.7636647799487148,0,0,0
216,-0.26006237600000004,0.02556414699999998,0.1509745119999999,1.946492003,2.0244731330000003,3.1028426780000005,2.237370431,0.15283666799999995,-0.43725297299999966,16746,0,0,0,-0.35742811836907823,0.04073178251229497,0.18705772398363638,0.712095214644159,0.6727700543468735,0.6933267782424092,0.6492131779045182,0.3138250728176692,-0.32521066760225126,0,0,0
217,0.3012242650000001,-0.053682837000000205,0.09833497899999999,7.117438776000002,10.129958070999999,11.189019731999998,3.6807925929999996,-0.14880735199999995,-0.0397817250000001,25233,0,0,0,-6.380527271665482,0.4032481681102654,0.1101446886634287,0.7882562550003365,0.8487065997367628,0.8034969912907867,0.6266686357372135,0.38517174970545065,-0.0707700368344739,0,0,0
218,-0.006650663999999917,0.06173089300000001,0.11213546099999994,2.185755616,2.5828893539999997,4.056918958,2.952521794,0.3185431569999999,-0.4007529200000004,16745,0,0,0,-0.00972192114481292,0.07530992247383239,0.147274891496768,0.6378487867084874,0.6699284129947007,0.6506098396817492,0.6127105456258947,0.4118854664027893,-0.41230307018475176,0,0,0
219,0.731570086,0.17394175800000022,0.6384825040000002,3.5797376110000005,6.427630962999999,2.511146700000001,0.773746955,0.44987775500000016,-1.4581981379999998,15122,0,0,0,0.5917395751758459,0.111802792501119,0.4811284303730826,0.45578755232233215,0.634881822301228,0.22089452701921722,0.12462428535323593,0.5159396383208849,-3.8076116253743404,0,0,0
220,-0.266590608,0.010242015999999854,-0.13740491,0.9733499769999998,1.2912159089999995,1.260855961,0.9554310380000004,0.06458967800000004,-0.2527240289999999,15467,0,0,0,-0.771159689622109,0.012390287904088103,-0.32809667879457133,0.413786815261807,0.6133837811271758,0.44649201638600994,0.4477610233999424,0.15328570811160527,-0.23979447606876605,0,0,0
221,0.1170599109999999,0.0010648270000001014,-0.19929600300000005,1.569466898,1.3404614179999994,2.6087640459999992,1.5384006669999999,0.12004628799999995,-0.9380654480000001,15797,0,0,0,0.16997296645141566,0.0024835955130546182,-0.36984433568811076,0.4393447357792761,0.5847741921053334,0.52586319445944,0.5477515363378028,0.27000974543773665,-2.729680476614589,0,0,0
222,0.22747575600000003,-0.00662736400000008,0.017357319000000038,3.1788806630000006,4.4809482240000005,5.596476085999999,3.407944274,0.23667238699999993,0.09821262399999986,17344,0,0,0,0.24276868295870654,-0.005918207294779824,0.024082086492010782,0.6420953791252949,0.7566352694388608,0.6631026356147445,0.6199466794824838,0.29011799478877964,0.17551819244817712,0,0,0
223,0.029159563999999916,-0.01835412199999986,-0.06309749300000012,0.022171480000000132,0.14557759300000006,0.928415958,0.4369649320000004,0.04334959199999999,-0.28597141699999984,15794,0,0,0,0.07333442684411703,-0.02124360719853568,-0.10991367510779071,0.011285520843682596,0.1508673326869318,0.258564822915134,0.16772759886464128,0.0763089633357223,-0.33162314073340726,0,0,0
224,-0.026608856999999986,-0.16065659999999993,-0.03830132799999986,1.039895643,0.35873023299999973,2.306866985,1.13013467,-0.10418838800000008,0.5602066460000001,15474,0,0,0,-0.0608370371232915,-0.29979341751200334,-0.07560690758342861,0.4739707191713832,0.28713229314180155,0.47789061080414924,0.4353931195880879,-0.2224766273786098,0.4911664313761587,0,0,0
225,0.025443413999999942,-0.018591673999999836,1.3351010810000004,3.342109736,4.661641144,5.319891456999999,4.536718710000001,1.147083152,0.34569848699999994,14793,0,0,0,0.0320063859468793,-0.013307558191124232,0.5743129262704227,0.6492967790262543,0.7478197722816201,0.7017329597835491,0.7618079418239234,0.8028569714347581,0.37355102077423347,0,0,0
