,LST_Day_01_x,LST_Day_02_x,LST_Day_03_x,LST_Day_04_x,LST_Day_05_x,LST_Day_06_x,LST_Day_07_x,LST_Day_08_x,LST_Day_09_x,LST_Day_10_x,LST_Day_11_x,LST_Day_12_x,Id,LST_Night_01_x,LST_Night_02_x,LST_Night_03_x,LST_Night_04_x,LST_Night_05_x,LST_Night_06_x,LST_Night_07_x,LST_Night_08_x,LST_Night_09_x,LST_Night_10_x,LST_Night_11_x,LST_Night_12_x
0,-0.0498183,-0.0730292,-0.2290542,0.3749742,0.1626254,1.25542,1.4642053,1.6937641,0.9366495,0.2179478,0.2770708,-1.0876511,24285,0.1189461,0.0433303,-0.037804,-0.0916924,-0.0476832,0.2495857,0.0672829,0.0644118,0.0639611,-0.2229435,0.3110787,0.3330028
1,0.5168846,0.3652651,0.2219617,0.7101268,1.3815563,0.5574859,1.8501975,2.1812205,1.6646262,0.9909057,0.617412,0.4975999,4786,-0.1403956,0.0255468,0.1737941,-0.3978525,-0.3609229,0.4540731,-0.4680413,-0.7736705,0.8339295,0.8496843,-0.3679259,-0.604248
2,0.2711103,-0.3137656,0.8734653,0.0008384,0.6872108,0.1719641,0.0951718,0.6060683,0.1420863,0.1707205,-0.917711,-1.8541208,24737,-0.428074,0.2135516,-0.3506135,-0.0512529,-0.1013545,0.1304532,0.4291672,0.3590555,0.1373068,0.0975372,0.2780519,0.4566074
3,-0.6505724,-0.2842255,-1.9584302,0.3170155,0.9482975,-1.6104313,-2.4594512,-2.0197345,-0.5355887,-0.5600993,-0.1620529,0.3174671,19100,0.8572421,0.7541227,0.4715348,-0.0240206,0.015276,-0.3379081,-0.466603,-0.2745083,-0.5372548,-0.3400184,0.0705581,0.4658756
4,-0.0003332,-0.3110152,-1.2632492,-1.5022506,-1.1240888,-1.4039372,-1.3712784,0.0307787,-0.7033667,-0.8336234,-0.2766466,-0.4276854,13772,-0.8383837,-0.0540925,-0.2141941,0.3372959,-0.1380495,0.3997185,-0.3830456,-0.6471183,0.8765914,0.6548466,1.3217326,0.6168084
5,0.676924,0.9761285,0.1877055,-0.4874727,0.2798603,-1.3924891,-4.0416013,-2.5465325,-1.2631052,-1.3633974,2.4209324,0.7365751,14803,0.407651,-0.1070936,0.65603,0.2509609,0.5226213,0.2381517,-0.6184901,-0.0867452,-0.1770368,-0.0931797,-0.1256354,0.7191537
6,1.1395598,-0.7859781,-0.5330562,1.2296331,-0.0932252,-1.0353797,-1.6924743,-1.9174057,-0.4294583,-0.0012395,-0.9778035,-0.9675206,16117,0.9032635,1.12186,0.5209813,0.7119273,0.7102372,0.3242728,0.1882643,-0.2396974,0.1116054,0.1785766,1.077384,1.5361889
7,0.0469157,-0.5536933,0.52947,-0.7610675,0.9121236,-1.3605326,0.3093453,0.0061146,0.1024238,-0.2219365,0.3005012,-0.09525,21562,0.7191218,0.6299381,-0.0861555,0.8124268,0.9427867,0.9757544,-1.081835,0.9256338,0.2928689,0.1294166,0.2821891,-0.1209602
8,0.984632,-0.3123411,-1.0630635,-0.1543231,0.2125447,0.535889,-1.1617137,-1.6457363,-1.3755132,-0.831528,-0.4084489,0.8006286,8991,0.4622,0.9171,0.5467786,0.6953821,0.6966338,0.0844828,-0.3813653,0.6226094,0.8327719,1.2903909,1.3608016,-0.8250594
9,0.1781527,-0.3510211,-0.676366,0.4384877,0.8182901,1.5133283,0.3312371,-0.2270174,-0.219202,-0.481293,0.8079007,0.183225,28470,0.040485,-0.0479284,-0.3034472,-0.829506,-0.0705251,-0.1537024,-0.2304131,-0.1249008,-0.2315862,-0.5415724,-0.6494615,-0.5816236
10,0.8480759,-0.6682254,-0.3718158,-0.0400014,-1.4492526,0.2772834,0.0424297,0.7439162,0.6399412,0.301255,0.2829659,-0.0963348,6792,0.1258884,0.1154847,-0.2730583,-0.101464,0.3503011,0.1050991,0.0447525,0.3891783,0.1171855,0.1995644,0.0097721,-0.3929669
11,0.5488731,0.4034974,0.2699201,-1.6875798,-0.2476002,-1.9765962,-5.4925889,-4.9807457,-0.9127081,0.6266446,0.5549697,0.0213499,7932,-0.1304566,-0.2606114,0.1453885,-0.466326,0.0110714,-0.4022492,-0.1439663,-0.5465166,-0.3243611,-0.1676223,-0.6971028,-1.140983
12,-0.1428271,-0.0404635,-0.1991274,-0.7616417,-0.2227402,-0.1843937,-0.7206738,-1.267294,0.1823586,0.6321287,0.3122023,0.3178958,7619,0.5298411,0.2785698,0.0750962,-0.105437,0.0146048,0.0108851,-0.4192094,-0.2708254,-0.5481657,-0.1787836,-0.1809835,0.6689152
13,0.3441195,-0.0139292,0.0584136,2.0708946,-0.1725412,-3.7011127,-3.2160484,-1.5126269,2.2795619,0.0857585,0.389084,0.4250955,23712,-0.5324067,-0.5540861,-0.6970467,-0.377303,-1.2547617,-0.3195255,-0.3485278,0.037201,0.0642891,-1.1514796,-0.4642555,0.2670102
14,0.6935001,2.2856619,1.5113006,1.9190158,1.9852242,2.713648,2.8841847,2.3210124,1.8814874,0.8931565,1.1643331,-2.9455538,16439,-1.3741332,-0.9296773,-0.265106,-0.1006721,0.3202192,0.0741264,0.3374763,0.123884,-0.4329843,-1.1811552,-2.7224003,-1.6599619
15,-0.1162689,-0.2553996,-0.4354197,-1.2318671,-2.1111069,-2.8398049,-2.8054008,-2.4027143,-1.8179115,-1.1099773,-0.660137,0.0141485,9233,0.3193605,0.4059793,-0.0626048,0.1648205,0.1093603,-0.0692457,-0.0202135,0.3069463,0.0779351,0.3468502,0.3296485,-0.2344076
16,0.3815885,1.0005395,0.8290367,1.1349825,0.8889071,0.2320189,-0.4342627,-0.3104062,-0.4010955,0.0822052,0.1803468,-0.0023362,9357,0.0158767,-0.5232101,-0.3141392,-0.6724475,-0.4991065,-0.3232378,-0.6634679,-0.1876769,-0.0227385,-0.1451745,-0.4410451,-0.146492
17,1.1409263,-0.6088985,0.2217598,-0.3421056,0.4655442,-3.2094475,-2.3730626,-1.2820753,-0.5933725,-0.2864162,1.2246044,-0.4822248,25034,0.6838487,0.0951242,-0.4910228,-0.1941175,0.6062932,0.2262378,0.2768308,0.4678744,0.6411092,0.6796763,0.6725238,0.2748496
18,-1.3253867,-0.373443,1.0869171,0.21322,-1.2573788,-5.587573,-7.0902814,-4.5548861,-1.1267673,-1.1139813,-0.0999955,-0.526823,25677,-0.0130685,0.2143331,-0.5549492,0.0271495,1.4331093,1.1286853,0.2634815,0.7119243,0.6499804,-0.4917994,0.0372104,-0.768588
19,-0.0866334,-0.8780171,-0.3824638,-0.0443393,0.1186731,-1.3387049,-1.2804731,-1.7446209,-0.6504227,-0.3820116,-0.4401214,-0.7137147,17951,1.0328996,0.7441085,0.4415737,0.3158564,0.3807057,1.016868,-0.169344,0.1502215,-0.0137735,-0.019352,0.2582015,0.8278315
20,-0.3374651,0.695131,-1.0625575,-0.3093753,-2.0762824,-2.515864,-2.4821356,-1.6768363,-0.6477284,0.1841751,0.2583299,-1.9872516,17004,-1.3434837,-0.6589408,-0.1381382,-0.7232046,0.8467745,0.355739,-0.5887772,0.6126946,-0.6434672,-0.6545324,-0.3513599,0.1741753
21,-0.4373572,-0.5744254,0.0741907,0.4410886,-0.1622391,-0.7873621,0.8784685,1.7707395,1.5954247,0.7007586,0.1694378,0.5537307,20138,0.4121809,-0.0076477,-0.0598462,-0.3928352,-0.2065513,-0.0595596,-0.2284113,0.1758958,0.1337458,0.1614657,0.3269087,-0.8392988
22,0.8623177,0.0060896,-0.0540246,-0.6046995,-0.4551999,-2.1109575,-1.2330052,0.3097382,0.8939254,0.5851948,0.8008739,-1.3548528,15798,1.7464368,0.1621083,-0.0240121,0.9848957,0.9838518,0.4608457,-0.2967818,-0.351197,-0.1671477,-0.3687056,0.5760174,1.5236521
23,-0.3508798,-0.7752409,0.2105959,-0.1987158,2.2411247,-0.7940944,-1.1433422,1.0098041,0.3963021,1.6505782,1.182573,0.673496,19892,-0.267872,-0.5509706,-0.1199772,-0.553375,0.3427279,-0.239858,-1.0407223,-0.5636251,0.2338143,-0.8091473,-0.3556859,-0.9855654
24,-0.9571984,0.1422242,0.7277457,0.0747462,-1.2882206,-2.4366255,-0.6668324,0.0056045,0.0233227,-0.0874366,1.7121095,0.275758,24419,0.4282609,-0.3700996,0.0349123,0.021586,0.3946737,0.1241015,-0.7711173,0.2594713,-0.4739791,-0.1514585,-0.0053217,-0.9062453
25,0.6242761,-0.1902776,0.3877242,0.0917092,-0.1432678,-1.5356192,-2.5428758,-2.3308389,-1.5610449,-0.4407434,-0.6182036,0.0442673,24442,-0.5512358,-0.4033528,0.0322955,0.0230072,0.4496088,0.3387749,-0.7090928,-0.2093918,-0.3556014,-0.0840939,-0.6982629,-0.2889582
26,-0.1830509,-0.6981683,0.1521596,-1.3729886,0.3735537,0.615355,0.5542202,0.7443887,0.6897754,0.5061654,0.1464215,0.003596,16438,0.0464181,-0.1091137,-4.97E-05,0.1552165,-0.0273262,0.3060603,-0.1666853,-0.3271776,-0.8271045,-0.6714776,-0.331363,0.2450975
27,-0.6127717,0.1113475,-0.5762682,-0.5552253,0.4329408,-1.3015848,-2.9059462,-2.0468489,-0.2678277,0.6086331,0.7400461,-0.0207592,16459,0.6213733,1.2754775,0.8173586,0.2677335,0.4145812,0.3372019,-0.1588445,-0.2218766,-0.7047639,-0.4150567,0.0917257,-0.1192583
28,-0.4277501,-0.4319502,-0.8119578,-0.6594826,0.8459644,-0.3983052,-0.236107,0.3646978,-0.487094,-0.3022179,-0.5136016,-0.3272732,3396,-0.1109938,-0.0107645,0.6322979,0.1777839,0.325386,-0.3141573,0.1191996,-0.2328937,0.3945116,-0.3045288,-0.0315222,0.3952008
29,1.3805687,0.060468,1.9197744,0.6186496,0.7297392,-0.2244742,0.6262666,1.1544262,0.702301,0.7191821,1.1738437,-0.7816574,20144,-1.1858673,-1.3766063,-0.7081496,-0.7582259,-1.1417507,-0.9469553,-0.7755492,-0.599423,-0.5870429,-0.8405083,-0.6317386,-0.5710075
30,-1.0094607,-0.4206388,0.0769586,0.5933205,-0.0988836,0.1545404,1.6431085,1.1854088,0.3867175,0.4498149,1.1247201,1.3815468,24465,0.2631087,-0.8597389,0.3137487,0.3643325,0.8765264,-0.0561284,0.3087732,0.2398084,0.0102955,-0.0406193,-0.673109,-0.8430607
31,-0.2723434,-1.0582545,-0.347663,0.0851304,-0.6321973,-0.4794038,0.5196351,0.2055937,0.3330268,-0.0568374,0.5053703,0.1130309,16752,-0.1971092,-0.1605148,-0.128604,-0.6476366,-0.2243825,-0.7350304,-0.7598692,-0.4689001,-0.6324659,-0.8562986,-1.1060897,-1.0455106
32,-0.3275225,0.1602655,-0.6027887,-0.1752314,0.6448953,0.633818,-0.6917603,-0.8189582,-0.4531818,-0.0489263,-0.1118559,-0.0234563,20139,0.2303651,0.2677612,0.1062452,-0.0161847,0.2792127,-0.0541595,-0.1808766,-0.0971936,-0.0663369,-0.0773596,-0.2375805,0.2246979
33,-0.1888711,0.2262741,-0.5205461,-0.2466662,0.7115631,0.026105,-1.4907089,-0.2273658,-0.1466836,0.9282902,1.0939894,-0.3711137,20140,0.2565497,-0.1156079,0.5685446,-0.0269619,-0.2023529,-0.4650182,-0.2231648,-0.4478677,0.2192482,-0.7059738,-0.4880417,-0.5013019
34,0.3509211,-3.7088364,-0.5598454,3.3591581,1.9912821,1.8346723,0.9278888,0.4772614,-0.2150542,0.1013617,0.580084,-0.8622545,28429,0.3017076,-0.1519726,1.0456065,-2.3105635,0.4296791,0.7773764,-0.2384795,0.0605719,-0.0315504,-1.2239404,0.0365968,-0.2621374
35,-0.4383197,-0.0976908,0.1280958,0.068995,-0.5510948,1.9099061,1.8330282,0.373554,0.9066922,-0.13741,-0.340443,0.3475386,27308,0.630458,0.0640519,-0.4116128,-0.4669306,0.3102453,-0.263174,-0.105815,0.3172043,0.0977745,-0.576277,-0.3058033,1.1193827
36,-0.4472293,-0.1473529,-0.6101655,1.6286505,1.0917758,0.0958199,-2.186452,-1.1189017,0.2740696,-0.7329016,0.6629388,-0.0421063,28183,0.5695109,-0.4093288,0.2383973,0.5514335,0.1405886,0.201359,0.0969363,0.0072108,0.2892577,0.081331,-0.3388174,-0.3953909
37,-0.3229393,0.0206998,0.0965901,0.1267065,2.3844221,1.7873988,0.3895947,1.6724898,0.6456004,-0.6605269,0.3890474,-0.9526136,21550,-0.2103583,0.0142673,0.492788,0.276508,0.6200253,1.0387546,-0.0348304,0.3199659,0.3257393,0.067906,0.2416453,-0.3376575
38,0.4335807,-0.2598546,-0.721423,-0.6838956,-1.1585082,-1.1486345,-0.7070018,-0.2740409,-0.0257241,-0.1145652,0.6370346,-0.3703524,24300,-0.1322069,-0.1586897,-0.2392987,-0.0399021,-0.328067,-0.101851,0.0860286,-0.226162,-0.0180714,0.0213224,-0.2837404,-0.7416277
39,-0.5025728,-0.5455543,-0.9564876,-0.8790385,-1.084998,-3.4565917,-2.3164298,-2.4931846,-1.152927,-0.0019033,-0.2525237,-0.2781891,15841,0.6817574,0.1490271,-0.0120907,1.0013912,0.5111709,0.2421682,-0.1124589,-0.1339864,-0.2693624,0.1966454,1.054828,0.3921958
40,0.5092202,1.3606698,1.3839065,1.3853098,1.2981732,0.805161,1.6909864,0.9163791,2.0498554,2.359202,1.743237,-0.2303533,16437,-1.3409727,-0.6789373,-0.3190305,0.3874588,0.4502637,0.0350756,-0.4588535,-0.9435697,-2.8081216,-3.4720219,-3.7363728,-1.2280671
41,-0.674698,-1.7967238,-1.2433297,1.1916854,1.034136,-2.7791719,-2.1258436,-3.5350343,-2.8175715,-1.5113874,-0.772259,0.3156005,17044,1.5768337,1.1644598,-0.6988943,-0.2261262,-0.4359386,0.24122,-1.2493418,-0.171753,0.0305167,0.40374,1.0110185,1.9047158
42,1.1721055,0.9109996,-0.4810242,-0.1496383,-1.3158628,-2.728671,-2.7524294,-4.0097636,-3.5000157,-1.2692363,-1.4316023,0.2383162,23035,-0.0835918,0.6702267,0.0512621,-0.1589171,0.2360967,0.5332956,0.1659628,0.7793241,0.8583074,-0.1584086,-0.0107883,1.8037961
43,-0.4375038,-0.0554139,1.0524813,0.6616728,0.116741,0.2367192,0.5249241,0.0532733,0.5965432,0.5094102,0.5068885,0.0019521,24450,-0.0790651,-0.2402076,-0.3977934,-0.5367675,-0.0932223,0.3570779,-0.1102691,-0.1667437,-0.1021562,-0.3514363,-0.2482642,-0.4172628
44,-0.3210743,-0.0108289,-0.7107277,-0.450674,-0.0801387,-1.6624709,-2.3530526,-2.6568807,-1.6772523,-1.1279651,-0.179037,0.2430294,17952,0.6259346,0.2392117,0.4158588,0.3812092,0.1926158,0.2793037,-0.3029105,-0.4156165,-0.1083617,0.272172,0.4331848,0.9387636
45,0.1804521,-0.4728401,0.3067261,-0.4903185,1.3558545,-0.0720878,1.0078936,1.6215491,1.0493884,1.5681194,1.2393699,2.3305598,15826,0.2723026,0.3630808,0.6574395,0.4811653,0.3982936,0.1451984,-0.6248482,-1.2725233,-1.1885681,-0.7003697,-0.9086478,0.6785659
46,-0.4621168,-0.3697981,-0.1656682,-1.1989447,-0.5170335,-2.2424665,-3.9932922,-3.3980269,-1.4383536,0.0913249,0.3484737,0.697452,24126,-0.0742504,-0.6276706,-0.7106063,-0.7806218,-0.0270378,-0.1629488,-0.6405867,-0.7642571,-0.0848473,-0.5568322,-0.4855179,-0.34514
47,-2.1492967,-3.5484277,-4.1106936,-3.3679516,-3.3772477,-3.9577339,-6.5184386,-5.9111207,-3.7779829,-2.3195412,-1.2752144,-0.6512261,10458,2.6618613,3.57338,3.3617023,1.5783397,1.7302032,1.3612618,0.1735802,0.4356096,-0.0225311,0.7376487,1.4435026,1.9597858
48,-0.5759733,-0.651699,-0.1357979,-1.1776776,-1.2698444,-2.1070458,-0.4040631,0.0393318,0.2970053,0.2097442,0.3361152,-1.0549259,20949,-0.5631894,-0.3824137,-0.5540247,0.0110361,-0.6476546,-1.6191237,-1.3975949,-0.6056154,-0.826846,-0.6136493,-0.4207124,0.0075335
49,0.1036232,-0.7589511,0.1221576,-0.9023989,-0.4187848,-1.0014793,-1.0184489,-0.8338011,-0.3985279,-0.3447401,-0.0150858,-0.0503347,10834,1.2555906,1.0960269,0.3179793,0.0501604,0.5066694,0.7472965,0.2017902,0.3572295,0.4268857,0.4917821,0.5763346,0.7094894
50,0.6404555,2.0191551,2.1930416,-0.0391696,1.4996854,1.7644383,3.0073295,2.3312981,0.8789005,0.4263774,0.7502377,-0.5884544,19103,-2.1420239,-1.9440275,-0.9367424,-0.5652407,-0.4110811,0.5134094,0.2395587,0.474265,-0.0512429,-0.1951577,-0.6762325,-1.2327401
51,-0.1998934,-0.2517814,0.8371222,-3.0503758,-3.7755166,-1.1719771,-0.2251773,-2.3628596,-1.8037563,-1.0279933,0.6345114,0.3809346,21564,-0.5713267,-0.4068053,-0.9360615,-1.0376107,-1.131397,-0.5410379,0.2698125,-0.566042,-0.4576795,-0.4441194,0.1137511,-1.511556
52,-0.5705986,-0.6593929,0.1745215,-0.7552034,-0.4936519,-0.9266656,-1.0973286,-1.8105731,-0.688004,-0.4395384,-0.1628152,0.5278097,10832,1.2522428,0.4796281,0.1835708,0.397912,0.5889004,0.4880512,0.5752917,0.8783653,0.6245091,0.7504744,0.7605063,0.6784517
53,1.8568653,0.7928984,-0.2192686,-0.0510834,-0.780429,-0.8270154,-0.1835641,0.5071162,0.6207075,0.366957,1.7435366,0.7728135,26577,1.225493,0.6071864,0.1858629,0.3868649,0.2120032,0.2228059,0.2165939,-0.0142705,-0.2576006,0.272925,0.0821574,0.2301363
54,0.6841304,0.8637874,0.2418094,0.0889525,0.6749416,1.6789867,-0.314393,-0.1163029,0.2699904,-0.2349784,0.7858313,0.5502849,28191,-0.6466854,0.3017302,-0.0649585,0.9118138,0.5954743,0.1920772,-0.6124504,-0.1604352,-0.0947514,-0.7972267,-0.4005946,-0.1735943
55,-2.2690418,-1.4229181,0.3140762,4.2996244,0.4450793,-3.6294464,-7.8543788,-6.6708382,-1.5840339,-1.5451095,0.3960726,0.4853763,25524,-1.4000194,-1.2280142,-0.3948789,0.625507,1.9118667,1.202297,-0.681997,-0.3136358,0.1629701,0.8803305,1.1679176,0.7514478
56,-0.4449088,-1.5276747,0.6384261,-0.602213,-0.576589,-2.293665,-1.0391075,-0.8903449,-1.1237755,-0.1279893,0.5153603,-1.3474262,11944,0.9023363,0.2449782,-0.5241606,-0.5631062,0.6346307,0.3465139,-0.2731611,0.1989188,0.3034122,-0.7442958,-0.2549867,0.3197353
57,-0.5907037,-0.6291977,-0.8411437,-1.4485553,-2.126932,-5.3658675,-3.9651843,-3.5508609,-3.3184593,-1.4073557,-0.3985947,0.0105249,14624,1.9390566,1.1042116,0.0192436,0.5266322,1.6561423,0.1860357,-0.076331,-0.3010853,-0.4016325,0.3252747,0.5583181,0.3935359
58,-0.4960931,0.2682679,0.1275714,0.048171,-2.0004058,-3.9985955,-3.9476345,-2.769841,-0.3292255,-0.1150971,-0.3215546,1.6572089,13959,0.1789788,-0.1972627,0.1526907,0.6078748,0.522154,-0.2836221,-0.602297,0.4500967,-0.4418247,-0.0346927,0.3607178,-0.2441232
59,0.4380393,0.2973887,-1.3338033,-3.3996396,-1.8521795,-2.3113882,-2.1702316,-1.9865516,-1.7124375,-1.338136,1.4750058,2.8748649,24138,-0.1190874,0.6609672,-0.1427266,-0.5962787,0.6218695,0.4007005,0.9088583,0.2895413,0.3676957,-0.4571665,0.1023129,1.650703
60,-1.838225,-1.2257404,0.9329381,2.826007,2.1922047,-2.3037663,-4.1506505,-2.4566956,0.3512866,0.0470729,2.6355753,-0.2311248,25526,-0.9605005,-1.2780686,-1.2412196,-0.2037109,0.7540862,0.379582,-1.1094326,-0.4664729,-0.1081001,-0.0970145,0.7737801,-0.2809705
61,-0.071643,-0.1804679,0.7096472,-0.6596835,-0.6215142,-0.0621002,-0.2446113,-0.0069618,0.0307663,0.5990254,-0.2378011,0.1445742,23791,0.0395708,0.2144879,0.0771371,-0.3601743,-0.1143751,0.0529903,-0.1958309,0.1269619,-0.0227863,-0.2184925,-0.0325738,-0.0774279
62,0.487382,-2.3876269,0.3716705,0.6868144,-0.0343163,-1.7504304,-2.6030479,-0.3947968,-0.185059,-1.1103852,1.3815661,-1.3088129,4121,-0.0464163,-0.8823424,-0.4715414,-1.5121511,0.123706,0.0635158,-0.1467631,-0.9562576,-0.3544106,-0.0997708,-0.7269795,-0.2773157
63,-0.3152555,0.0895377,-0.2854427,0.4587693,0.3261675,-0.187041,0.7815858,0.6577006,0.0861241,0.2499168,-0.0871415,-0.2151922,24918,0.9153951,-0.3351261,0.5773793,0.0693914,-0.1005672,-0.275335,-0.4172651,-0.3734043,-0.3534596,-0.4737092,-0.829023,0.1718766
64,0.064051,-1.0647629,0.8575139,0.2299712,-0.2800738,-0.0093111,2.1065522,1.3311545,0.6370966,0.5179717,2.1715163,-3.222425,5047,0.8434847,-0.359399,0.5833655,-0.6415944,1.1405273,0.5572312,-1.3427554,0.2156117,-0.3783912,-0.0540508,-0.6437398,0.1484919
65,0.3798082,0.3776135,0.8429909,0.6429707,1.7044603,0.6984475,0.1356975,1.2516645,0.4808192,0.2158263,-1.2279595,-0.1384827,25219,-0.3884817,-0.2581492,0.126937,0.4371493,0.4992063,-0.1748011,-0.7491592,-0.9997745,-0.6527,-0.3806787,-1.3527833,-1.5694382
66,-1.0734593,-1.23225,-0.2118643,-1.1336409,-1.2370061,-1.0725563,-0.5468841,0.5555024,0.6283508,-0.9729635,0.6690943,-0.2699784,3049,-0.2366027,-0.3770021,-0.327235,-0.7146873,-0.3226166,0.5586885,-0.5331109,-0.1812484,-0.0671136,-0.4559633,-0.7172989,-0.3442649
67,-1.1126704,0.8631356,0.5628635,0.5891675,0.256409,-2.2487237,-2.0412752,-2.9747046,-1.062153,-0.4243584,0.7127,-0.1405322,11210,-0.1015174,0.1280787,0.4829674,0.1107853,0.0614468,0.259264,-0.3671495,-0.8468273,-0.7002496,-0.4819858,-0.1479145,-0.7599316
68,0.4161229,-0.8752075,0.5032603,0.831083,5.3124141,3.1420439,0.1447782,0.3070991,0.6608111,0.3419965,0.2397955,0.2453773,5253,0.0292793,0.0769193,-0.4815716,-0.5578346,-0.3796801,0.032038,-0.6390045,-0.242841,-0.0309097,0.0080628,0.0169596,-0.4926913
69,-0.100255,0.2460073,-0.8076268,-0.7604898,-0.9775075,-0.3356462,-0.3284957,0.3217621,0.2255647,-0.2462977,-0.5303252,-0.3718589,3612,0.0028784,0.0055076,0.0389188,0.0475692,0.1809667,-0.30652,-0.4593382,0.202725,0.3755838,0.0832245,0.1779198,-0.0344777
70,-0.8358458,-0.5252276,1.210827,1.5709635,1.3090036,0.9575274,4.938239,5.236494,2.4861218,-0.0618828,0.2409241,0.6964321,24747,-0.7136807,-1.0918582,0.5740834,-0.084483,-0.166135,-0.2945905,0.0147973,0.0733567,-0.4574241,-0.804036,-1.0813531,-0.6651347
71,0.2277136,0.2661292,-1.6958916,0.0506931,0.3035145,0.5983202,-0.5772425,-0.2069137,-0.4565322,0.2048506,-1.1579923,0.0495041,28473,0.2484796,-0.6096174,-0.0411702,0.2415693,-0.1317438,-0.148272,0.1364709,-0.1648914,0.0058872,0.2927286,0.0456315,0.5631967
72,-0.6472618,-1.3108853,-0.5059782,-0.1496867,0.7739989,-0.1724523,-1.796733,-2.0577393,0.3388428,0.5902918,-0.1254962,1.5190619,16115,1.1422571,1.4624822,0.9001856,0.5970907,0.9315142,0.8332946,0.4251292,0.8664622,-0.2579948,-0.1209498,0.0493758,1.8800144
73,0.5008851,1.6266085,1.2005193,0.5083619,1.5536084,0.9445831,-0.3450107,-1.4035439,-0.2599856,0.1973803,0.3134622,1.256293,4750,0.0434055,-0.2515072,-0.0810811,0.0276584,0.2701562,0.1491516,-0.2345743,-0.0506243,-0.2644707,-0.758945,-0.815584,-0.7954716
74,-1.4434128,0.9753648,0.2725468,-0.9373223,-0.3306209,0.1916445,1.1784869,0.1853857,0.2696339,0.4386259,0.5164345,-0.3108466,5855,0.2462119,0.5600214,0.0668951,-0.0258139,0.5976518,0.6694747,0.0916446,0.0202445,-0.1538906,-0.0671827,0.0117906,0.2387599
75,-0.0095902,0.2458246,0.2276683,-0.8999061,-1.0897831,-1.9487944,-0.1903679,-0.7035414,0.0993287,-0.6445001,-0.4268712,-0.0977987,8305,-0.202175,-0.6426311,0.563691,1.601918,-0.1950133,0.5447273,0.943185,1.0150204,0.8800857,1.3460087,0.7188099,-0.3636272
76,-0.729026,-1.6323261,-1.6471253,-1.0658814,0.25296,-1.0622497,-3.1716251,-3.0747126,-0.5576901,0.2574656,0.6571327,-0.2126878,15801,1.1272307,0.9994795,0.8942158,0.4113251,0.6657177,0.4029913,-0.0425592,-0.143696,-0.3863379,-0.1912067,0.4930697,0.6988279
77,-0.3363167,-0.0776075,0.3044712,-0.2466428,0.6979351,-0.1770907,1.4586042,1.2134493,0.7369766,0.6214755,1.2047534,1.021128,16433,0.3766284,0.1357717,-0.0961999,-0.0379223,0.4975696,-0.1268083,-0.0226792,-0.7615431,-0.6288013,-0.638752,-0.4081375,-0.0119144
78,-1.719705,-0.0570723,0.6829564,-0.3140352,0.2077488,0.1180834,-0.671809,-0.6100518,-0.3992596,-0.4200856,-1.6505717,0.4594602,24472,0.7164468,-0.1742681,0.2972973,0.2444755,0.6257513,0.3858837,-1.0218672,0.0639181,0.16837,-0.1040742,0.2926145,-0.4077326
79,0.3014527,0.2771556,1.0519156,1.3351521,1.4837572,3.6716685,1.6967184,0.9990489,1.4242342,0.3212289,-0.7686643,-0.047974,27307,0.0744999,0.0397343,0.0554597,-0.1221315,0.1504824,0.0979272,-0.5510222,0.2090967,-0.009887,-0.6145616,-0.7400273,-0.523526
80,-0.2465979,-0.2577094,-0.6258116,-0.1183914,-0.1696891,-0.2271205,-0.3440856,-0.498014,0.4313042,0.0829271,0.7711638,0.6294268,23977,-0.1558728,0.0559646,-0.2270993,0.2737119,0.3466862,0.1768482,-0.1936489,-0.1108814,0.062553,0.1351327,0.2205015,-0.2500853
81,0.3123962,0.7598675,-1.5973709,-2.2419042,-1.0543605,-1.2902794,-2.3531608,-2.0975521,-2.0943803,-0.9502047,0.373997,1.4938518,24139,-0.6921824,0.5495969,-0.1776892,-0.1419452,0.0319605,0.0426819,0.6265628,0.1141296,0.5096994,-0.1536121,0.0213997,0.74154
82,-0.2660662,0.5870756,1.531788,-1.2981549,0.0919046,-0.2344595,0.904711,-0.3125583,-0.0949139,0.4588949,0.3269849,0.2894275,3395,-0.1850202,0.1018526,0.3450161,-0.1043852,0.4935642,0.3783881,0.6185815,-0.0310029,0.404055,0.215341,0.0365156,-0.0836314
83,0.3251359,0.9598992,-0.0932574,-1.6478349,0.2858739,-0.4742259,-0.1796089,0.0954726,0.4914935,-0.4350834,0.1768103,0.406752,21377,-0.1929496,-0.1052655,-0.0651987,0.4510123,0.5510373,0.1923173,0.0914589,0.2080632,-0.1092508,-0.4469243,-0.1665872,-0.6883805
84,-0.3556142,-0.526539,-0.2063804,-0.5246812,-0.3103857,-0.5167718,-1.2961794,-0.74159,0.2867536,0.7274382,0.6750364,-0.3142392,15802,-0.0199376,-0.0453828,0.1859372,-0.4349275,0.0317145,-0.2872948,0.1904079,-0.4358423,-0.5855917,-0.7027878,-0.6136547,-0.5588161
85,-0.527415,-2.3518931,-2.7392511,-2.4609552,-4.8170523,-5.449836,-4.6042436,-5.8033056,-5.3219965,-2.0757941,-0.9802439,-1.2516214,2851,-0.3098028,0.1291454,0.4650977,-0.1185508,1.3808768,0.8406702,-1.2220931,-0.7366603,-0.3467621,0.2890483,0.3751298,0.7916279
86,0.1944071,0.0633378,-0.24463,-0.3377063,-0.3505768,-0.3650178,0.0788159,-0.0056924,0.1073232,0.1011106,0.3046782,0.2475139,26674,0.2201937,0.0411307,-0.0239563,0.0438435,-0.1655452,-0.1496634,-0.0963126,-0.1786998,-0.1437903,0.1237747,-0.493858,-0.0523891
87,-0.5303858,-0.3901092,1.3567572,0.4247577,0.5554505,0.0919368,1.0326817,0.9242485,1.1516069,1.2716845,1.3303492,1.6261216,15825,0.124843,0.3206269,0.3274778,0.3335184,0.7734024,0.7689848,-0.2815924,-0.4691241,-1.0500035,-0.6810789,-0.731624,-0.7695244
88,-0.1418053,-0.1834345,-0.0231767,0.0404909,0.6323092,0.9111441,0.656474,0.9247507,0.7523738,0.2219983,-0.2044133,0.2956174,26675,0.6027149,0.5111402,0.0886864,0.2346313,0.2680115,0.1287768,0.5435526,-0.4173453,-0.0528499,-0.1726406,-0.8204406,0.027846
89,-0.5881858,-1.2699873,-1.282262,-1.0984198,-0.3892905,-0.8437014,-0.7520599,-0.5624457,-0.2624243,-0.2889566,-0.0641354,-0.6068575,16743,1.0530713,1.1222661,1.0148071,0.2418377,0.7348877,0.8345716,0.6389086,-0.6824542,-0.0057638,0.2070921,0.6755659,1.0443533
90,-0.8980544,-1.3260866,0.7039991,0.4020492,-0.4237369,-1.1032668,-1.9391487,-3.5726265,-3.1234173,-1.7944812,-1.5421755,-1.7288845,17656,0.6727278,1.146224,-0.0208999,-0.0835621,0.7935868,0.8890569,0.4874243,0.3895959,1.6304915,1.5509292,1.8817543,1.6022125
91,-0.5778116,0.8694493,1.4566935,-0.5551226,1.1498559,-0.0206546,0.3091528,1.0091881,1.1884979,0.9452441,0.9654023,-0.4830417,12314,-0.6252689,-0.0442933,0.6583954,0.6816295,0.4706461,-0.1844347,0.1346681,-0.7778437,-0.6288957,-0.6395441,-0.9343973,-0.1628146
92,-0.8371485,-1.9624306,-0.800259,0.8938561,3.6784789,-1.0236047,-2.363961,0.4877927,0.4926588,1.0397016,0.8557857,0.3104166,16737,1.5015631,0.5266363,-1.2214277,-0.9065615,-0.2324227,-0.3151661,-1.138967,-2.2328665,-2.5011731,-1.3345542,-0.7740104,1.438356
93,0.7354034,-0.9791255,-1.0348556,-0.9230558,-1.8117849,-2.1775237,-2.221275,-0.983439,-1.748713,-1.0677285,-0.8699981,-0.1444039,3689,1.7086583,1.2419267,1.3663906,1.381126,1.107349,1.2340621,0.7952383,0.9764532,1.42011,1.2393516,1.4286051,0.8201579
94,-0.7713731,-2.4572901,-0.5172602,-1.0866088,0.3651645,-2.2116009,-4.19032,-6.3507914,-3.9017186,-2.0887573,-0.188635,-1.1117424,18532,1.1351127,1.7445692,0.6167239,-0.8811063,0.1590998,-0.008051,-0.6859123,-1.2806253,-1.9444971,-1.1276485,-0.0807295,1.6970603
95,-0.3608784,0.160009,0.9811836,-1.9165889,1.4531817,-1.7831961,-1.7748966,-1.7086231,0.2054207,0.8617979,-0.3286999,0.4186507,15475,1.3589399,1.0754396,0.7679069,0.3615462,2.2844882,0.8563982,0.3616368,0.3266139,-0.3708855,0.593906,1.468041,2.4247622
96,-0.793398,-1.0414097,-1.8363335,-1.6363508,-2.3793337,-4.8349816,-4.6784415,-3.9731805,-1.8270013,-0.9143425,-0.3918074,-0.0255616,14286,0.168368,0.3996477,0.7687018,0.6747521,0.2545685,-0.0282507,-0.3043742,-0.2790863,0.1043376,0.3195122,0.6545224,0.5584853
97,-0.0600936,-0.1773336,0.5018608,0.4037841,0.3359582,-0.2800296,-0.0616459,0.1084289,-0.2789574,0.4743253,0.0499474,-0.953203,19284,0.0945269,0.0956478,-0.0679712,0.0067392,0.1921799,0.0086559,-0.0618985,-0.1433516,0.119798,-0.0292779,-0.1635297,-0.3828816
98,-0.0526794,0.4696649,1.2615083,0.8793148,0.152394,0.4173027,0.8412675,-0.1496369,-0.5216674,-0.0398003,-0.4454237,0.3074251,24290,-0.2641524,-0.1237332,-0.0688663,-0.208512,0.0185589,-0.2952988,-0.5568229,0.0582225,-0.2144081,0.2070205,0.4393233,0.4156574
99,0.1960542,-0.0016143,-0.28353,0.3573083,-0.4297861,-0.9101364,-1.8767027,-0.4057054,-0.9993144,-0.8170724,0.0957889,0.3449656,27349,-0.1220983,-0.2971112,0.3448123,0.219,0.0480034,0.3854829,-0.0133944,0.3583381,0.0865975,-0.2790278,-0.2130406,-0.1343317
100,-0.5884419,-0.5613741,0.7070232,0.0665527,1.5390226,1.5108535,0.8159004,0.2368034,0.4936233,0.2551258,1.6703287,0.273075,17636,-0.1571556,0.50034,0.0062494,0.8309952,-0.2452852,0.0744489,-0.0479164,0.0856824,-0.2128469,-0.1732659,-0.1813006,0.3646572
101,0.8658483,1.0934663,1.5128375,1.5696422,2.6025086,1.3655651,1.2420106,1.5746955,0.5219622,0.4179631,0.7992724,-0.0050877,7616,-0.6612677,-0.3563293,-0.6985846,-0.9530035,-0.4947299,-0.558944,-0.5664148,-0.6077459,-0.301248,-0.9282535,-1.0467723,-1.8037895
102,-0.8698386,0.1014246,-0.6123906,0.2597963,0.2643131,-2.4639342,-2.5445318,-2.2624726,-1.6579659,-0.8701472,0.043527,-0.2919778,27443,-0.1962157,-0.4372107,0.1067097,0.306033,0.3364349,-0.0894612,-0.1372983,0.084448,0.2507281,-0.356377,-0.0647414,0.1927812
103,-0.653042,-0.9710855,0.2247812,-0.082518,-0.3930222,-0.8318835,0.6615454,-0.4647216,-0.1913431,0.3106595,1.4761827,-0.4598737,13773,0.0117961,-0.5197152,-0.612428,-0.3462259,0.8259397,0.5679238,0.3763707,0.8579478,0.3940502,0.5914506,0.0838751,-0.1975048
104,0.2541831,0.1049144,0.3367083,0.1459847,-0.1054372,-0.6518344,-0.3047418,-0.9502302,-0.7454337,-0.3591505,-0.3003112,-1.1286447,16432,0.3628151,0.5858535,-0.0981548,-0.0924373,-0.0148427,0.5245438,0.1033644,0.3443105,0.3958658,0.5182425,1.1331196,0.5430165
105,0.1372404,-0.4052673,-0.469362,-0.3785016,0.2063561,-0.9172279,-1.7820496,-1.5776942,-0.4262527,-0.2550143,0.1087107,0.2670934,9234,0.0931415,0.256173,0.0764999,0.0664292,0.1156726,0.0696986,-0.1415339,-0.1451008,-0.2289333,-0.1705558,-0.2290967,0.356573
106,0.3931977,-1.1429747,-1.5242828,-1.446398,1.5577229,0.1567078,-0.59917,-0.6818544,0.3141885,1.5025759,1.3336724,1.7412769,14120,2.2307375,1.2061256,-0.1072919,0.2736509,0.2552305,0.0645494,0.7270517,0.901632,-0.3668117,-1.3552235,-0.8288085,0.4011719
107,0.3177184,0.189122,-0.2162568,-0.5158059,-0.1533959,-0.0945278,-0.266395,-0.0654851,-0.0191169,0.5867017,0.8661237,0.0950554,16119,-0.5601043,-0.0842842,0.3562632,-0.1548839,0.0759794,-0.0467228,0.2353289,0.2238302,-0.2172425,-0.2592368,-0.593539,-0.817941
108,-0.6781941,0.1334525,-0.0616082,0.4301964,0.8623034,0.4306716,0.6741122,0.417834,-0.3192316,0.0840589,0.2965359,0.3703082,3609,0.012929,0.3305647,0.3178042,0.1439545,-0.2505861,0.9222831,0.4111416,0.130223,0.3739242,-0.0167022,-0.2036808,0.013004
109,-0.5424793,-0.8133042,-0.8675753,-2.1480123,-2.5975433,-3.8366305,-4.7798267,-4.6319482,-3.6909222,-1.232206,-0.5447338,-2.1654229,8421,0.1723981,-0.073514,0.216932,-0.0138176,-0.0111604,-0.6679519,-0.269192,-0.3643452,-0.33217,0.5008057,0.4031619,0.9140832
110,-0.1948734,-0.0351832,-2.2202036,-1.1096511,-0.6565666,0.0731517,0.9116027,-0.0798855,-0.116429,0.1038086,-0.9822392,-0.4300574,23458,-0.4689359,-0.1951853,0.1318847,0.6495875,0.1450941,0.197983,-0.1382824,0.0828364,0.229992,-0.6055821,0.4104592,0.4130673
111,-0.2448147,-1.0416622,-0.5762476,-0.4578543,-0.9283081,-2.2545567,-2.2505059,-2.5827627,-1.882353,-0.326852,0.0476545,0.397223,15807,1.5476749,1.1261392,0.3517178,0.3959858,0.6195446,0.0731577,0.3516593,0.5104382,0.6723308,0.6420233,1.3874333,1.6204504
112,-0.2864168,-0.5155841,-0.6754024,-1.261058,-0.930088,1.1598764,-0.8486128,-0.4635613,-0.9717463,-1.4931408,-0.5572718,0.9577895,28336,-0.56364,-0.2006843,1.2133123,1.40278,0.4317756,0.7776655,0.4278944,0.4747252,-0.0157736,0.527913,-0.1075648,0.2555972
113,1.4122666,2.3748826,3.0966959,0.6252545,0.8316346,-0.3524204,0.4997732,0.576008,1.0373426,1.2587776,1.9840154,0.1162842,7979,-2.1836544,-2.3821924,-1.5749195,-0.7778279,0.0236138,-0.7484895,-0.1430014,-0.6431521,-1.3656339,-1.9532118,-2.5415705,-2.7022495
114,-0.3164282,-1.2908263,-0.0834677,1.0891166,1.127897,2.0487982,-0.8916773,-0.6888454,-0.4909632,1.2422192,0.3061917,0.913279,28430,0.5363037,-0.0568592,0.7666792,-0.041229,0.7608219,0.2404495,-0.1642671,-0.3671929,0.0193471,-0.2457919,-0.1929741,-0.0534122
115,0.322789,-0.5353844,0.4656497,-0.1615698,-0.3961309,-0.7975016,-1.1320454,-1.6345833,-0.1491131,-0.5446832,-0.302293,0.4354908,16118,0.7481378,0.0694353,-0.7139378,-0.137232,0.1910359,-0.3543227,0.4565697,0.2681759,0.2540741,-0.0009407,-0.1921638,0.0046668
116,-0.4810959,0.349467,-1.1731873,-0.8109191,0.0612416,0.2358779,-1.0992955,0.0926953,0.1802668,0.6354497,1.707099,0.2708837,6692,-0.1123737,0.2174533,-0.2758693,0.2271249,-0.1700791,0.7834953,-0.3797095,-0.0250039,-0.5777176,-0.1733328,0.216694,-0.2251045
117,-0.6288884,-0.9778649,-0.3777886,0.8346359,0.1888877,-1.5631922,-2.6419284,-1.7841525,-0.3584936,-0.6994126,0.0631435,0.1549488,25538,-0.2726628,-0.4236641,0.0096462,0.3319162,0.6033874,0.0003065,-0.3023089,-0.5734781,-0.5567797,-0.4680098,-0.2612135,0.5436569
118,-0.1794567,-0.2126117,0.5639713,-0.1107317,-0.1275223,-0.0502875,0.3148368,-1.0008457,-0.9510213,-0.5225011,-0.3690613,-0.1491555,16751,0.7383069,0.7138779,0.3060651,0.034248,0.3811872,0.1640549,0.3177002,0.652562,0.6304404,0.5519172,0.4833765,0.5928195
119,1.4734415,-2.1012819,-1.8959365,-1.017935,-1.8059378,-4.380686,-3.0400757,-2.6568045,-1.2777307,-0.5080993,0.181187,-1.3023114,19368,1.1454871,0.7493065,1.2168124,0.2202125,0.0851512,-0.4622225,-1.1913843,-1.0877321,-0.7705531,-0.5237323,0.1999767,1.9895538
120,-0.568708,-2.3461085,-2.6462768,-1.526228,-2.0010946,-4.1996216,-5.5852187,-5.2196806,-3.3367192,-1.3311269,-0.7316114,-0.284125,15133,1.1620138,0.7969651,0.9549672,-0.2016407,-0.068134,0.1257611,-0.5789341,-0.4633457,-0.0591954,0.226503,0.7364957,1.499398
121,1.2154462,-0.7959385,-1.1779086,-0.6143292,0.1944938,-0.9864427,-2.0256102,-2.0813716,-1.4107469,-0.3324322,1.2533547,-1.2704901,19366,-0.0680316,-0.7941641,0.0155481,-0.5331349,-0.2399978,0.1473646,-0.6121007,-0.8639188,-0.6360289,-0.6785352,-0.515067,0.2155122
122,-0.7114243,-1.5601161,-0.4623648,-0.7589097,-1.9235647,-2.6817663,-4.4791454,-5.9442138,-5.1323671,-2.0919526,0.2097736,-0.2110851,17050,2.4555479,1.2031599,0.2650129,0.7800351,1.4795988,1.3217388,0.1793573,0.6630371,1.0592082,1.0942877,0.0353778,2.9958473
123,-0.1113439,-0.696466,0.4868794,-1.7047079,-1.4473747,-0.8904618,-1.2728162,-0.5591416,-1.5305988,-0.5307095,0.1620861,-2.0545598,19110,-0.2246152,-0.1224571,-0.1430386,-0.68398,-0.1292749,-0.0570631,-0.7548867,-0.8039934,-0.4303026,-0.2632141,0.2421224,1.8115245
124,1.0842651,1.4853347,-0.3414865,0.1419691,-2.2866378,-1.0590321,-1.0964285,-0.562684,-0.0843947,-1.1868016,-0.4902379,0.6332433,23708,-2.7195274,0.6950273,-0.0916857,-0.4660581,-0.6474105,-0.3003268,0.7269018,0.1626141,0.7012006,-0.2018949,-0.4656438,4.0552158
125,-2.2543334,-2.8427208,-1.8072669,-1.2358014,-2.4076666,-3.2793348,-2.9107705,-2.4611297,-2.7348294,-2.2933225,-0.9137779,-1.6693395,3448,-0.9372206,-0.224909,0.5394154,-0.2707315,1.151744,0.2323045,-4.0560011,-0.6455272,-0.6641425,0.5130278,0.1940077,-0.2184932
126,-1.7119472,-0.7843894,-0.212142,0.7082047,0.4080549,0.4743831,1.3450882,1.4101786,0.4056027,0.5392087,0.1906628,-0.2914959,24920,0.1268493,0.1828693,-0.3699947,0.5411169,0.1155201,0.1095571,-0.182924,-0.1238077,-0.2435839,-0.1137252,-0.8069877,0.5469752
127,0.064011,0.5740647,1.3800146,1.6555026,2.1184814,1.4335246,0.9237495,0.4698165,0.3507472,0.032728,0.1884166,0.2073682,7928,-0.0749439,0.1770099,-0.4926839,-0.0662409,0.1501973,-0.0888975,0.1432627,0.0226809,-0.7311074,-0.4805477,-1.1267353,0.0230939
128,-0.3016134,0.4874385,0.2449903,0.4663576,-1.3405136,0.2177726,1.2067464,1.4397187,1.4782375,0.1833899,0.0134895,0.2661807,10101,-0.0270318,-0.7051869,0.4322639,-0.4746578,-0.5527136,-0.2627968,0.4903792,0.2728279,-0.1602589,-0.3040729,-0.3057254,-0.2226092
129,-0.3910349,0.0688498,-0.8751958,-1.4445592,-0.7630391,-0.8700472,-1.8858752,-1.3669477,-0.8894448,-0.7499384,0.234135,-0.0696704,14791,0.8509231,0.1226248,-0.0353007,0.2733363,0.3425872,0.3931308,-0.2820228,-0.3685219,0.2504891,0.3085104,-0.2323151,-0.4091194
130,-0.0810719,0.4541924,-0.3754239,-0.2994407,-0.6970283,-1.3572487,-0.9403988,-0.6018664,-1.1374236,-0.3869409,0.2031702,-0.4002139,27339,0.20499,-0.4859802,0.2450649,0.3566568,0.1967978,0.0990687,-0.003298,0.1065144,0.1668147,0.0230242,0.133698,-0.097244
131,-1.4516632,0.7282907,0.5607378,0.5739279,0.1788728,0.4336315,0.8050171,2.5816191,1.2530642,0.9046676,0.5730909,0.3378112,3053,0.3562014,-0.1069757,0.3800824,-0.0287891,0.3833519,0.6278965,0.7219056,0.4123157,-0.0596516,-0.1809199,-0.508115,-0.4314589
132,0.0538376,0.6926486,3.1224761,2.037279,4.0816276,3.0752702,3.1329634,4.447372,4.219212,3.6415835,2.0652873,0.0690669,16458,-0.6882362,0.0713157,0.1064421,0.1679689,0.9959529,0.3622673,-1.2611641,-2.5037985,-2.671409,-2.6402906,-2.6413892,-1.2832237
133,-0.2851773,0.5655413,-0.2910924,-0.5728338,-0.3422283,-0.6405194,-0.8267581,-0.306639,0.1071208,0.146763,0.4367626,-0.2649514,3828,0.0460096,-0.0440737,-0.1006781,0.1425082,0.3751148,-0.2275181,-0.2044865,0.0005905,0.2513985,-0.0076168,0.0984204,0.0417309
134,0.0762854,0.5783179,-0.0237405,-0.4951786,-0.2195559,0.1204378,-1.6290383,-1.1765297,-0.2093163,-0.5843831,0.4710057,0.315731,27901,0.4658955,0.0891406,0.5023205,0.0631013,0.3227411,0.0284334,-0.2355728,-0.196249,0.1381913,0.3625855,0.1233648,-0.4603382
135,0.1971405,-0.4922466,-0.3122715,-0.4120881,-0.3004473,-1.0955225,0.2518659,-0.4965587,-0.354153,-0.1721855,0.0467949,-0.2589892,10836,-0.1477234,0.5417724,0.3263527,0.2458754,0.3770783,0.4120814,0.2289791,0.1444587,0.366474,0.2860457,0.135996,0.3933041
136,-0.5664463,0.0172416,3.2111922,6.9483056,6.7637835,6.0751492,3.3132806,3.315251,2.8366065,0.8927714,-0.0491832,-0.7630254,27834,-1.2678984,-0.628769,-0.9562946,-3.1616442,-1.8779383,-1.4992792,-0.9628903,-1.0596374,-1.3034607,-1.5046812,-2.1265842,-0.526126
137,0.698619,0.6587751,1.4529909,2.8353615,1.8648777,1.3237551,2.1032565,1.8193012,1.9399374,1.4827054,1.4035875,0.99862,15791,0.1778872,-0.0478412,-0.6597923,-0.6562881,-0.0169558,-0.3020175,-0.8392546,-0.8918937,-1.3381358,-1.370943,-1.5953786,-1.0978688
138,-2.4323799,-0.8322048,-0.0680038,0.8595077,0.1874021,-2.1816161,-2.3860522,-1.1910943,0.1791112,-1.2356057,0.0601861,0.7810372,25539,-0.6408488,-0.32894,-0.0962033,0.494052,0.5871561,0.3530865,0.0241371,-0.2198433,-0.7450669,-0.6104997,0.2591473,0.1199253
139,0.1836815,0.183824,-0.720574,-1.7007089,0.5328872,2.0926304,-1.4957743,-0.9826751,-0.8798497,-0.2868197,1.8574481,1.5357875,28298,-2.2451108,-0.1899364,-0.570068,-1.1508505,0.1126061,-0.2404256,-0.0906198,-0.1376758,0.4142932,-1.5767782,-0.8469264,-0.7338506
140,-0.2701903,-0.5212572,-0.086511,-0.0917648,0.302727,-0.745549,-0.6889962,-0.4240028,-0.2088078,-0.0168423,0.2703349,-0.2900366,14287,0.040915,0.0120651,0.0415863,0.2535811,-0.1130301,0.2745845,0.1188509,0.2479143,0.1279581,0.2076707,0.1385483,-0.0591128
141,-2.2607543,0.1713041,-0.666924,0.4385579,-0.2390167,-2.0427325,-2.8335479,-2.6427246,-0.9342028,0.6013487,0.0098228,1.0161944,24757,0.4309452,-0.6752197,0.1012906,-0.0075872,0.1531361,-0.4794061,-0.3488336,-0.5343447,-0.4142974,-1.0629814,-0.8165386,1.962279
142,0.3964839,0.3575881,-0.2540252,-0.6479822,-0.1150715,1.4673393,-1.1464185,-0.2701026,-0.77456,0.0925372,0.4925322,0.2680822,28296,-1.649879,0.1701869,0.4277735,-1.0561332,0.0871539,-0.216843,-0.3743908,-0.0824741,0.5579039,-0.3715418,0.0442639,-0.016212
143,0.2568145,0.0321087,0.0453376,-0.1321293,0.0621794,-0.7060401,-0.0581704,0.2401393,0.4614763,0.2203043,-0.1771539,0.3092461,5937,0.3286344,0.2657223,0.1031019,0.1970492,0.2550177,0.293331,0.1244736,0.1641293,0.1057198,0.0816455,0.2026202,-0.0734811
144,0.5011536,-0.2925229,-0.7899555,-0.7343923,0.01712,1.098138,-0.549317,-1.6530393,-1.5811258,-1.2687663,1.9653477,1.1234393,28471,-0.586686,-0.4327329,0.5741423,-0.9924024,-0.2004107,-0.1600547,-1.202964,-0.0898553,-0.0209941,-0.6266682,-0.6588508,-1.9296927
145,-0.9230617,-1.6693345,-0.769081,-1.2578486,-0.7426963,-1.9316191,-3.4940228,-2.7185896,-1.1884825,-0.7283014,-0.5208168,-0.2871911,16422,2.0857027,1.5340145,1.1908947,1.3040571,1.2232027,0.9551825,1.0774814,0.7787531,0.8656671,1.1388182,1.5658424,2.1302067
146,0.6993742,0.8279312,1.5579899,1.4325721,-0.0137378,-1.2351727,-0.5113991,0.54335,1.0740809,0.7369447,0.8430667,0.1297047,17036,-0.4599604,-0.8122084,-0.6460087,0.4219023,0.6069871,0.8353584,0.3107749,0.1652886,0.1823728,0.382813,0.5369554,0.3111062
147,-0.0213423,0.0837246,0.0808496,0.326624,0.5179009,-0.4813227,0.3996147,1.0887723,0.1743092,0.3893297,0.4794418,0.4365402,16742,-0.0198772,-0.0247657,-0.7722744,-0.020553,-0.5490945,-0.2367656,-0.1379397,-1.2024654,-0.6073874,-0.7045763,-0.8225525,-0.4772511
148,-1.1046425,-0.1688742,0.4750973,0.6347993,0.8267448,1.1836585,2.2498945,2.3026874,1.5426398,0.8609445,0.7945733,-0.6462124,21785,0.0155382,0.1807087,0.1525016,-0.2802214,-0.1026611,-0.036697,-0.3805395,-0.1115269,-0.2023982,-0.5240728,-0.1322866,0.0543121
149,-0.795902,0.6097177,0.9213559,1.4267702,1.7916117,1.195207,-0.6585255,-1.1115942,-0.4751173,-0.4561057,0.0489966,-1.4598757,14124,0.8824832,0.7062617,0.4175935,0.4366894,0.3988974,-0.2378758,0.0909491,-0.2051695,0.5698854,0.6510363,0.3180563,0.9053389
150,0.5255359,0.4601844,0.1178389,0.192854,-0.0664911,0.1155135,0.2183481,-0.580033,-0.2275744,0.3183326,0.0161331,1.2498587,8640,-0.4958069,0.0110275,-0.3443435,-0.2314991,0.4641102,-0.0945769,-0.0393823,0.2368463,-0.0747537,-0.1470723,-0.0434226,-0.0061694
151,-1.6397711,-3.3460378,-1.6186469,-1.7738921,-0.5644873,-2.2824253,-4.432682,-4.9924508,-3.4576978,-2.3104112,-1.4859595,-0.9509949,18533,2.0632516,2.4328529,1.0321952,0.2477771,0.8835881,0.2260321,-0.0981798,-0.3745015,-0.6533774,-0.371334,0.4340278,1.9216025
152,-0.022933,-0.2669713,-0.2443515,0.1532755,0.5372527,4.1686771,7.744834,7.8590319,5.5262529,1.3779145,0.6902814,0.523893,23370,0.3669677,0.7178011,0.289072,0.5750574,-0.6335691,-0.2673265,0.3345344,0.3596428,0.2053797,-0.1991275,0.5507368,1.8769073
153,0.2529146,0.0171604,-0.2493797,-0.4832422,0.9201706,0.6456024,-0.063782,-0.3983125,0.9664341,0.627846,0.2146441,-0.1638257,7931,0.2242772,0.2123785,0.2536396,-0.0182131,0.1888737,0.0053926,-0.0139078,-0.204656,-0.5163466,-0.1518431,-0.1812032,0.1406786
154,-0.5181069,0.0577216,0.4768892,-0.2589299,-0.9763329,-1.1818118,-0.3951189,-0.3199013,-0.1545283,-0.5136732,0.1023689,-0.1644677,9730,0.3273347,-0.1305373,-0.3284094,-0.1705844,-0.0595131,0.0028031,0.2354756,0.2745482,0.2508278,0.2284735,0.2944973,0.280623
155,-0.1314326,-0.3076633,-0.7245585,-0.9126283,-0.3886224,-1.2055408,-0.2224529,-0.7190225,-0.0078521,-0.2756125,0.2360273,-0.2651847,10468,0.3259824,0.0745625,-0.5064649,0.628601,-0.3734761,0.1058316,-0.6978621,-0.0035875,-0.0003728,-0.0002644,0.0183267,0.3436476
156,-1.7370415,-0.8996899,1.6152279,2.4936422,0.7196468,-2.8699383,-1.9732305,-0.7675708,-0.3794695,0.0356677,-0.8425962,-1.4068982,25075,0.1459693,-1.0404527,0.2844613,0.5823485,0.7611921,-0.8454785,-0.8440058,-0.7905423,-1.2131668,-0.5435788,-0.2289677,1.0995386
157,-0.9731835,-2.1253039,-2.7121586,-1.3631933,-1.5735732,-2.430446,-1.2477375,-0.5072453,0.2512895,0.6712719,0.8691559,-0.9097223,15449,-0.2486236,1.4701272,0.982009,0.6747854,0.009847,-0.7263419,-0.4152716,-0.1080697,0.157861,0.4313045,0.6863315,-1.0799726
158,1.4814488,-0.2303526,-0.0271375,-0.1625263,-0.3945215,-1.2952706,-2.0199871,-1.636872,-2.3297294,-1.257062,0.5872354,1.9142632,22188,0.5581372,0.1016905,0.0750064,-0.08973,-0.2725823,-0.1804215,-0.0326808,-0.045948,-0.0203541,-0.2636469,-0.1958558,0.6290653
159,-0.9552307,-0.3683726,-1.5364188,-1.1105294,-1.6506274,-3.455535,-5.1039346,-3.7486524,-1.7809265,-1.1735555,-0.3566146,-0.2906641,10828,1.712938,0.7842454,0.3807992,1.1446766,1.7851848,1.2826965,-0.892935,0.2558956,-0.0658035,0.3812566,0.3241863,0.6894749
160,-0.1132445,-1.3879973,-0.9034213,-0.2966894,-0.6295828,-2.9733538,-5.5401151,-6.9149505,-3.7421896,-2.7191435,-1.2933564,-0.2069896,16427,1.9122451,1.9765329,1.1662069,0.6987747,0.6930922,1.1426568,0.3938018,1.0927642,1.5746845,2.5271754,3.0183318,3.1072352
161,0.3988251,0.9206533,1.794048,1.3229195,0.6464024,2.1878047,4.5601865,2.5491027,2.4431924,1.7679977,2.1738387,-1.7308349,17052,-1.4379543,-1.1314827,-1.0488577,-0.4290296,-0.1169904,0.1352792,-0.1795314,-0.4236859,-0.9074757,-1.3717739,-2.293857,-2.3624119
162,7.90E-06,-0.5003461,0.2819552,-0.7230855,1.9308442,0.1846878,0.3445806,-1.3219961,0.0735814,-0.4402774,-0.3895179,-0.926314,16740,-0.0084912,0.1946055,-0.8851723,-1.2743743,0.4208531,0.7767566,-0.0230538,0.2207612,-0.2951816,0.4982073,1.7101304,1.0322872
163,-0.0601754,0.2538113,-0.1487074,-1.2027188,-1.2446209,-0.7518681,-1.4195233,-1.7187354,-0.0927306,-0.8742872,0.0992239,-1.6237049,9231,-0.7164251,-0.6767535,0.442096,-0.1685911,-0.2828394,-0.140163,0.1380355,-0.1845376,-0.383442,0.1687724,0.2907969,-1.3539385
164,0.3587284,0.8474001,0.5582509,-0.7203577,-1.0769541,-2.3429915,-1.6046788,-1.847422,-0.6322953,-1.3204365,-0.1020113,-0.1038223,21742,0.3733191,0.1445175,-0.8127235,-0.0021471,-0.4570061,0.0495738,0.2195078,-0.5005918,0.2992134,-0.1359826,0.2149351,-0.8912075
165,-1.0080986,-0.7632567,0.2006311,1.6893413,-0.7276915,-4.0829047,-5.6177916,-3.974579,-0.9831178,-0.5482207,-0.643304,2.3226493,25389,-0.0500775,-0.9891572,-0.3015767,-0.0280946,0.9337973,0.3487799,-1.2874062,-1.0612162,-0.8635436,-0.4150076,0.1820805,0.2774075
166,0.7770703,0.0745012,0.3397521,-0.2663609,-0.6607924,-0.7608075,0.3227169,0.468472,0.0702956,0.1511516,0.3676242,-2.0070358,21915,-0.6223647,-0.4186342,-0.4056016,-0.1472673,-0.0277286,0.1461658,-0.2785605,0.2233961,-0.1831558,-0.3485726,0.0675631,0.3881251
167,0.6527881,-0.7200295,0.9480153,1.0822439,0.7088132,0.0776417,0.4496149,0.3971943,0.8880608,0.1521751,-0.0186013,0.5078892,25823,0.5561224,-0.3939282,-0.1649861,-0.5034194,-0.0187738,0.1711906,0.3736446,0.0264731,-0.1953606,-0.3945756,-0.2784612,-0.4327986
168,-0.9730328,5.7407876,1.8477081,0.7529707,-0.083998,0.2841346,1.9382781,2.7045717,1.8509408,0.3736444,1.688409,0.7904359,24879,-0.7102423,-0.9236276,-0.5724162,-0.7000671,-0.3138377,-0.4007488,0.0108901,-0.1230638,-0.1706244,-0.1889271,-0.9032715,-0.7263796
169,0.0837351,-0.0296781,0.4280732,0.1126954,-0.5588075,0.031496,0.9308377,0.7089491,0.4262289,-0.4210351,-0.124944,-0.423288,7073,-0.0772824,-0.2207916,-0.6407963,-0.3120491,0.1363172,0.0155695,0.4405396,0.8225727,0.5825614,0.4451065,0.7907385,0.2582685
170,-0.6177098,-0.3270531,-0.5948984,0.409622,0.8870515,-3.1992064,-0.8537896,-0.3284432,-2.087814,-0.9400981,-1.0992811,-1.731009,23927,1.1257089,1.0745981,0.7987795,-0.1841302,0.4770834,-0.0824715,-0.5033207,0.2353273,-0.1816873,-1.0701296,-0.266485,-0.7859286
171,0.5529533,0.5896811,0.2486411,0.4862534,0.0076014,-0.5003596,-0.5964981,-0.3354459,-0.097643,0.0470724,0.6334442,0.3885648,10102,0.8047986,0.1664608,0.2623785,0.1098463,0.1394697,0.2224773,-0.2262836,-0.0424689,-0.1515048,0.0623237,-0.0265535,0.083211
172,0.1367849,-0.0303232,0.3440562,0.1622229,0.0708376,-0.8294568,-0.9339485,-0.5737664,0.2378126,-0.0781746,0.1952259,-0.2618312,15790,0.3394426,0.3683411,0.8311547,0.3131228,0.4841012,0.1441883,0.4501539,0.0048404,-0.5651383,-0.4871874,-0.6380094,0.1081278
173,0.2907841,-0.3187855,0.2511923,-0.1713014,1.2750153,0.2345866,-0.1570292,-0.4761729,0.6459308,0.4310998,0.161164,-0.048563,15796,0.4633415,0.5026039,0.0550019,0.1189225,0.2364343,0.6013614,0.4569449,0.1849596,-0.0922468,-0.2852946,0.3411002,0.3753566
174,-0.9640202,-0.8080803,-0.2825288,-0.6229186,0.4419766,-0.7361711,-0.85678,0.0134438,0.153435,0.7539906,0.8717242,1.3461504,20141,0.1436643,0.6329418,0.1457107,0.2941684,-0.3863844,-0.6691633,-0.645748,-0.1096585,0.1839074,-0.7823417,-0.7903182,-0.3892293
175,-0.4660923,-0.3586594,-0.6713193,0.5282278,-0.2180049,-0.4507782,-0.7955279,-0.4165653,0.390988,0.2023941,0.6753953,-0.6669545,15121,-1.8160325,-1.7721461,-0.9357773,-0.5756854,-0.522726,-0.5248533,-1.2074352,-0.7441263,-0.9583621,-0.9622626,-1.0318108,-1.2576201
176,-0.023006,-0.3140606,-0.876918,-0.074412,-0.3213509,0.0939204,-0.410129,-0.9556149,-0.3133753,-0.1947641,-0.1229778,0.0202101,15793,0.2054656,0.1076403,0.2913429,0.0629991,0.0328184,-0.2410884,0.0653152,0.390647,0.1689128,0.2558432,0.1996759,-0.1249683
177,0.1811692,0.3273668,0.8364505,0.6256309,0.8009676,1.0161461,0.6094518,0.3764304,0.5303322,0.3432064,0.3315028,2.5437493,16748,-0.2190577,-0.2501923,-0.1406471,-0.077078,-0.1520888,0.0122072,-0.0237312,-0.1733317,-0.1814272,-0.2610873,-0.4426946,-0.4050032
178,-0.1375966,-0.0445946,-0.2973865,0.1803159,0.3128188,-0.0784134,0.6059994,-0.0210256,0.0131702,-0.1438234,-0.1937593,-0.7626401,15468,0.0628413,0.0412211,0.1460255,0.0201567,-0.0255612,0.2388365,0.184802,0.3628919,0.2165017,0.31705,0.2999376,0.2273941
179,-1.2884807,-1.3923925,-0.5171589,1.1949105,1.5277692,-2.0139638,-0.7762046,-2.1526788,-0.3126451,0.7113486,0.710099,0.2800528,15471,1.1175071,0.83055,-0.4814936,0.0373947,0.7860767,1.0146803,-0.5789681,0.2351747,-0.7922108,-0.3755783,0.4756237,1.1433052
180,0.3158042,-2.6388629,-0.9144469,-0.1714215,0.5838724,-3.0357674,-4.3840062,-5.1468994,-0.436331,0.4988637,1.5269099,2.0929502,15125,0.8803947,1.5453225,-0.0896477,-0.8786913,-0.7059716,-1.1938321,-3.0130262,-2.3980858,-2.1676733,-2.7404245,-2.1919554,-0.4345175
181,-0.1330137,-0.3153094,-0.9033955,0.0515617,-2.3069122,-6.1748671,-7.389252,-6.031315,-2.0604893,-1.2727512,1.1494556,-0.7083108,25687,0.0989263,-0.1439907,0.6896645,0.7422058,1.5834476,1.0177033,0.2713383,-0.0404102,0.3493042,-0.2643473,0.128796,1.3030777
182,-0.0015167,-0.205996,-0.0957651,0.6191626,-1.6167994,-5.6899329,-6.9398576,-5.0481916,-1.5156799,-1.4526517,0.8541728,2.9769029,25688,0.1336997,-0.4067255,0.5012608,0.9431515,1.5691535,0.299057,0.3834283,-0.3041253,0.0378365,-0.5062694,0.3158906,1.3673838
183,-1.882366,-1.4173176,1.2915962,1.4655023,-0.3419138,-3.8998105,-5.3604463,-3.18666,-0.5577822,-1.0615528,-0.0440173,2.2089962,25540,0.5065393,0.0338651,0.1484998,0.1250048,0.7758445,0.1340119,-0.7460405,-0.8581859,-1.361125,-0.7892669,0.2919885,-0.4252304
184,-0.9303538,-0.4093423,0.7301024,-0.5127942,-0.1199696,-0.7338459,0.2966058,0.9219929,0.2074354,0.474971,0.787118,-1.6330635,17316,-0.6382793,-0.5696907,0.118511,-0.5711905,-0.8562116,-0.0117927,-0.2986018,-0.0450491,-0.3464665,-0.6258891,-0.8467207,-0.2280285
185,-1.0293379,-2.7384786,-0.0814482,-0.0574266,0.8560174,-1.4739039,-2.7868781,-1.4487359,-0.0540226,0.1176569,-0.3039409,-0.5407128,16738,2.0376863,1.2513223,-0.0755427,0.0848468,0.5489685,0.2610662,-0.34817,-0.9055089,-0.8334771,-0.163226,1.0901045,2.145205
186,0.4132823,0.2366574,-0.5275887,-0.9174957,-1.1530413,-1.5394646,-0.5631813,-0.7033422,0.0468428,0.0921743,0.0609863,0.3790135,10100,0.7235089,0.3897626,0.5835421,-0.5180147,0.3148838,0.5719146,0.1920071,0.2664262,-0.3054114,0.299948,0.210346,1.1050255
187,-2.3092056,-0.23853,-0.1637695,-0.2009356,-1.2406506,-4.7528635,-4.5408319,-2.8279322,-0.613049,-0.7152434,-2.0071487,1.9222261,25388,0.5854036,-0.7657349,-0.0828484,0.1651376,1.0257796,0.4735162,-0.0535027,-1.1643358,-0.7372778,-0.3702409,0.1708841,0.0864834
188,-0.0957795,-0.2041193,-0.1360507,-0.2225808,-0.058565,-0.0865371,0.2436528,0.1980014,0.1740733,0.2265373,0.3904228,0.6985507,16753,0.0775722,0.1730925,0.0898229,0.0463013,0.1778091,0.217667,-0.0265944,-0.1149179,-0.0593054,-0.0201019,-0.2007028,-0.1464295
189,-0.09439,-3.1205125,-0.9267749,-1.0946709,0.0992849,-3.2687708,-6.0497281,-6.4965308,-1.6916926,-0.508627,1.2440605,2.2077315,15126,0.8359222,1.7873751,0.2141902,-0.1462832,-1.3403801,-1.2783711,-2.6823428,-2.4942155,-2.063762,-2.1639034,-1.280292,0.6682626
190,1.4928035,0.7111167,0.0374616,1.1211133,-0.1437421,-0.3805124,-0.3575705,-0.8688949,-0.4306137,-0.1057611,-0.0861715,0.2139452,14126,1.0750394,1.0391944,0.4528435,0.3370685,0.4256447,0.1118896,0.0176533,-0.0008536,-0.0785162,-0.0773622,0.8287722,0.5348139
191,0.5247098,-0.180099,0.6702618,0.3868648,0.7442457,0.2427915,-0.6678436,-0.4945302,0.2680171,0.0681643,0.147262,-0.6364946,13769,0.1243224,0.0789878,0.30649,0.1752091,0.2094585,0.2011212,0.0816522,0.0869754,-0.2633925,-0.2288482,-0.1006742,-0.3030851
192,-0.6090225,-0.1810822,0.0897929,-1.6699911,-0.418074,-1.0701988,-1.2156868,-0.8884683,-0.3215181,0.3277369,-0.3473885,-0.2695997,15803,1.0183473,0.7467362,0.6348257,-0.1039531,0.2620404,0.2123316,-0.1301964,-0.3064208,-0.1416072,0.0344548,0.5642049,0.6457943
193,-0.2249414,-1.2837809,-0.7946,0.7237884,-0.2074085,0.1469795,-0.376435,-1.7481914,-1.1465576,-0.6554802,-0.6021328,-0.1472827,16747,1.7263742,1.3488242,0.5446518,0.1339286,0.2796198,0.5787108,0.7374983,1.0663124,0.6957254,0.9854997,2.0926258,1.7810186
194,-0.1401831,-0.4624905,0.1614728,0.1169706,1.0287296,-1.3101925,-2.1094558,-1.9130779,-0.4352818,0.033253,-0.5788496,-0.8992156,17041,0.6040184,0.3345545,-0.7404264,-0.1644462,-0.0652116,-0.1031018,-0.4816659,-0.7353807,-0.6479018,-0.4026175,0.1597017,-0.230784
195,0.3734158,-0.1019958,1.3147663,1.9793395,1.7082087,2.163713,1.3832136,0.7871856,0.7379952,0.0517687,-0.2730488,0.1347121,27900,-0.7016884,-0.2475473,0.2340576,-0.8688638,-0.1437937,-0.0836396,0.1306337,-0.0799257,-0.364865,-0.2328205,-0.8058436,0.2736339
196,-0.2194332,-0.223792,0.6422561,0.3152445,0.9292445,1.2043321,0.8562926,1.1612822,1.4823355,1.5383529,0.4160816,0.6856771,16457,0.7683136,0.827006,0.6531641,0.5164652,0.7726569,0.4286817,0.1110633,-0.7434592,-0.4880624,-0.4937698,0.1491824,0.4937917
197,-1.1051325,-1.3532751,-0.2970947,0.8145725,0.9578623,-0.3947098,-0.3646534,-0.6391733,-0.205781,0.3929526,0.5356793,-0.635181,15824,1.1581583,1.4526016,0.6880007,0.4073874,0.8061048,0.7195354,0.0475472,0.0477418,-0.4200696,-0.3682681,-0.5648115,1.0873266
198,0.1302707,-1.0360142,-0.1487452,-0.7363123,-1.0235935,-1.3511347,-2.2977014,-2.9493214,-1.2282484,-0.0776224,-0.9529259,0.521449,25938,0.5763749,-0.186988,-0.2064351,0.1033418,0.8338376,0.6158008,0.0524077,-0.0557616,0.207352,0.0683337,0.2735303,0.682022
199,-0.2818529,-0.6809575,0.6683388,-0.6015291,1.5207976,-2.0387344,-1.8069278,-3.4590949,-2.2504407,-0.1891975,-1.2443168,-0.0318197,15473,1.2702234,0.707813,-0.1851348,0.1019096,1.1644107,1.543526,0.3264627,0.5356105,0.1804445,0.7735585,2.3313309,1.2508585
200,1.1462151,1.2760664,1.2312896,1.64045,0.9911107,-1.1157307,-1.9441034,-0.4387557,0.6501237,-0.2375192,2.3903734,0.2548896,14783,-1.273202,-0.5481869,-0.7304897,-0.0174004,0.9048846,-0.13788,-0.6004961,0.4909579,-0.1760402,-0.9898111,-0.9659203,0.0012918
201,-0.2782995,-1.0122733,-2.1505625,-1.5282332,-2.4418621,-7.6264427,-5.5417488,-4.5678842,-3.0487476,-1.2238873,-0.3486992,1.0740347,19649,0.5869035,0.3256208,-0.2526149,0.9037213,1.344097,1.7584835,1.0511058,0.9331655,1.3694128,0.5125125,0.6301351,2.5766001
202,-0.3526833,-1.0127209,-0.3441298,-0.3290759,0.0066308,-2.6055919,-3.8397263,-2.1024369,0.2605363,0.1233493,0.5526637,-0.7881746,16729,1.3897034,1.3957944,0.3939378,0.5777219,0.4955784,0.0932651,-0.3347042,-0.2208243,-0.2543595,-0.0268689,0.5021734,1.2060516
203,-0.3017051,-0.6239198,-0.3218842,1.3279717,-0.7570857,-5.5271399,-6.6780193,-5.47419,-2.1599299,-0.4507942,-1.0028469,1.5376066,25387,0.4327645,-0.4686065,0.046093,0.5369644,1.252972,0.4303127,-0.9978648,-1.2728589,-0.8389359,-0.638199,0.1289364,1.0419829
204,0.2272579,-2.137031,-2.8828807,-1.4875255,-1.5014913,-2.7803608,-6.8181678,-5.2946914,-3.4883367,-1.2931302,-0.3798474,-1.0557435,15132,1.9111975,1.9445654,1.3390877,0.2965336,0.5444123,-0.034917,-0.5749236,-0.4866521,0.1725023,0.3215456,1.3911227,2.3098639
205,-3.0233892,-1.9443914,-0.7518452,-1.2194509,-1.4166511,-1.339082,-1.5426222,-1.399696,-1.0965084,-0.5080489,-0.5457268,0.3403719,19650,-0.691975,-0.4164003,0.0118215,-0.6789803,-0.2911752,-0.4093388,-0.9078175,-0.9577593,-0.3555451,-0.6613076,-0.2975828,0.3222647
206,0.6889394,2.272017,1.1615067,-0.5318306,-0.1043039,0.0237369,-1.0529922,-0.6885957,-0.5396384,-0.170482,-0.2731094,0.0339508,7976,-0.4042823,-0.4353672,0.3157216,-0.8896412,-0.332549,-0.3037427,-0.2070782,0.5514464,-0.6535247,-0.3493411,-0.5642263,0.1240809
207,0.4509457,-1.77269,-1.2773284,-1.0669273,0.6047817,-1.0996537,-4.0996598,-2.3209512,-1.5487737,-0.3933133,-0.0229039,-0.6183863,15131,0.9181036,1.5550442,0.6625044,-0.1558933,-0.1556159,-0.457495,-0.1746053,-0.7313508,-0.5957686,0.1455124,1.1843899,1.4314313
208,0.2917509,0.5837735,-0.4333093,0.6370905,-1.2415167,1.6359225,1.0226965,1.2427455,1.1726184,-0.9763803,-0.3339947,0.6324513,23707,-2.6412774,-0.8253807,-0.9182152,-1.0393376,-0.4554661,-0.739554,1.0342736,0.398484,0.7914571,-0.5053163,-1.0071216,3.0179771
209,-2.9789056,-1.6667093,0.6709593,4.2450391,1.1902006,-3.7475246,-8.4583987,-6.4795926,-0.7418047,-1.3984884,2.3072964,0.3077606,25525,-1.7991122,-1.7147924,-1.2972596,0.1430968,1.8676937,1.2335538,-1.2554505,-0.8363353,0.3211409,0.5787585,2.0977916,0.6870398
210,0.1312625,0.4733517,0.445191,0.4750202,0.2821981,-1.5302247,-0.9437483,-1.0529305,0.6398649,-0.0069272,0.3852441,0.5415584,12315,0.0679321,0.1173072,-0.2377165,0.5790166,0.4363044,0.3281971,0.0610424,-0.1915651,-0.5326011,-0.0736481,-0.2111975,-0.0317252
211,-0.5569183,-1.2288052,-2.7903324,-1.5473481,-1.4781005,-1.7748463,-1.3840645,-1.6265707,-1.3506308,-1.2622924,-0.570135,0.2269346,8304,0.4223156,0.5352667,1.0592262,0.4007872,0.2923822,0.3871555,0.0162039,0.2063297,0.4828951,0.8193352,1.1740553,-0.3077503
212,-0.176162,-0.250065,0.3075661,0.426102,0.4652046,0.5394502,-0.5696479,-0.2108522,-0.1646789,0.2473895,1.3769569,-0.0715734,16426,0.0726324,-0.1065486,0.1615561,-0.0664171,0.1240606,0.0332087,-0.1710084,-0.201837,0.0164235,-0.060984,0.0556691,0.3014722
213,-0.0484336,-0.4033951,0.8819105,0.7878055,0.0896663,-3.8967642,-4.8159022,-3.7463451,-2.120638,-0.369799,-0.4588161,-0.4861779,15123,2.120644,-0.0869466,-0.2944285,-0.4777446,-0.395938,-0.8635947,-1.475994,-1.7820321,-1.5092544,-1.4000586,-0.6290678,0.4227509
214,0.0319013,-0.4755149,0.1982509,-0.1739764,0.1147122,-0.4963298,-1.0746069,-0.7352513,-0.2437288,-0.3336674,-0.254954,-0.0870054,15795,0.6981979,0.3591743,-0.1913331,0.1135167,0.2579834,0.1598927,0.2504054,0.093367,0.1083153,0.1573794,0.5006377,0.5904103
215,-0.3399597,-0.4759291,-0.0706009,0.323074,-1.003363,-4.5622432,-7.652052,-5.8367445,-1.2280172,-1.2797735,-0.0811068,0.2486296,25676,-0.519898,-0.7450446,-0.2432381,0.2915469,1.4286469,1.2807552,0.0284384,0.4836262,0.8353205,0.0393652,0.8784211,0.1638479
216,-0.7590631,-1.8377598,-2.5155281,-1.4448623,-2.0655688,-5.0232396,-8.3154885,-5.8951364,-3.0664413,-1.1586248,-0.4257372,-0.9550758,14797,1.6080537,1.4099512,0.8345691,-0.0580365,0.2689474,-0.5697589,-1.2053446,-1.8462416,-1.322704,-0.7118844,0.1362049,2.089782
217,-0.6082844,-2.0874394,-1.1886846,-0.7709879,0.073544,-0.6862127,-2.0956912,-2.3856874,-0.3694818,-0.5245152,-1.2065844,-1.0956268,16739,1.2788942,1.9609767,1.27007,0.4310573,0.3598791,0.4098771,-0.174305,-0.850921,-0.2822953,0.3309758,2.009682,1.6776802
218,0.3495782,-0.1761722,1.2816141,0.8307418,1.3967718,0.1521656,0.0710343,0.048293,1.0069124,0.3828769,0.7700513,-0.145568,13770,0.6766959,0.5975109,0.6026781,0.2097846,-0.1783516,0.1877415,-0.1065762,-0.3205419,-0.8596159,-0.396429,-0.2633267,-0.0724833
219,-0.6153002,-1.7985279,-1.7536297,-0.5695828,-0.0172027,-1.6728676,-1.4747414,-1.4102616,-0.9134081,-0.6176977,-0.9933472,-1.5269514,16746,1.5604825,1.5700283,0.9077123,0.4396452,0.2893061,0.5026171,-0.1007464,0.1741697,0.3491541,1.108748,2.7115236,2.4273709
220,0.5200417,-0.7774163,1.373608,1.2442825,1.1850233,-1.6831729,-3.9904486,-2.3263773,-0.7983259,0.4820133,-0.5738635,-0.8754743,25233,0.0971833,-0.5219256,0.0078375,-0.0246861,0.8063225,0.4415485,-0.5599022,-0.6125001,-0.6193858,-0.4655083,-0.1677774,-1.0521126
221,0.4826964,0.0871707,0.4578093,-0.1370569,1.6104143,-0.6584777,-1.2712152,-1.3946168,-0.8271307,0.4876377,0.7481122,-1.0624826,16745,0.7158639,0.7080603,-0.3057699,-0.3181543,0.1604647,0.1336965,-0.527451,-0.3164065,-0.1921687,-0.0818307,0.5281044,1.014985
222,-0.9056938,-0.859946,-0.6926379,0.6091198,0.4449325,-1.8649682,-1.4826476,-1.7011632,1.434901,0.915442,1.4277079,0.1204074,15122,-0.1652831,0.8849121,-0.8361098,-0.1104124,-0.3151026,-0.7073022,-1.2883223,-1.0011051,-1.1961874,-0.958231,-0.5312062,-0.0853014
223,-0.8595032,-3.703502,-3.0479621,-1.1686088,-1.8980064,-4.3112635,-7.9631695,-5.1920174,-2.673162,-0.6338969,1.1689155,0.3834435,15450,1.6068115,3.8202867,0.4783547,-0.3569906,0.0440862,-0.48022,-2.2933797,-2.0215263,-2.0488382,-1.893994,-0.4715515,0.4614714
224,-0.5789323,-1.3206056,-0.8197321,0.3448421,-0.7736969,-2.3244517,-1.5089003,-1.3608787,-0.8208552,-0.2035314,0.175785,-0.0747475,15467,0.6786512,0.3884083,-0.0714276,0.3013711,0.2318915,0.0760635,-0.4771285,-0.4636473,-0.1144933,-0.0339085,0.2108817,0.2942596
225,-0.6326379,-0.4641737,-0.2108983,0.1951364,1.3253624,-0.6750622,-2.034415,-1.7317115,0.4506061,-0.1254389,-0.3430902,-0.3680754,15797,-0.2434217,-0.0540027,0.1636063,-0.0320261,0.3496249,0.2495233,0.2380788,0.1329218,-0.3588939,-0.313687,0.3774911,0.1355248
226,-0.1878478,-0.4794535,-0.9340664,0.0538873,-0.2652474,-1.7949244,-1.9226631,-1.147137,-0.1181183,-0.4030235,0.270236,-0.458412,17344,0.3268931,0.3439003,0.4953473,0.2723835,0.1720143,0.0323737,-0.708648,-0.6672938,-1.0138459,-0.6543697,-0.0057472,0.4549631
227,0.1995826,-0.1848039,-0.0209798,0.0264366,-0.0701232,-0.6290988,-0.2878788,-0.2911415,-0.2291948,-0.0800049,-0.012873,0.0919274,15794,0.2168701,-0.0639745,-0.1895032,0.0593392,0.1256794,0.2680525,0.0826384,0.0223934,0.0426118,0.004825,0.1635234,0.2455887
228,-0.1163284,0.1807077,0.6496249,-0.6466783,1.6597775,-1.3927594,-1.2969566,-2.2051031,-1.0900561,0.2794796,-0.2166104,-0.1366387,15474,0.2041761,-0.0944972,0.1735754,0.1852133,1.4369216,0.9808338,0.4002903,0.386637,-0.1691494,0.3353192,1.384169,1.2803376
229,-0.2709717,-1.7445143,-0.9386264,-0.2688265,-1.4716596,-3.7651251,-3.9326282,-2.4839324,-1.0712789,-0.069258,0.8831929,0.4770585,14793,-0.170794,0.0326329,-1.0894945,-0.5581103,-1.1701144,-1.2253883,-1.7687731,-2.0441784,-1.9770492,-1.5087773,-1.904738,-0.9666169
230,-0.5226779,-0.7021566,-0.5428294,-0.2587658,-1.1312183,-2.2388432,-1.392624,-0.1093753,1.2800013,0.358688,0.3306085,-2.1959437,14794,0.7230822,0.4917405,-0.4335783,0.0456577,0.4405076,-0.1473724,-1.2063965,-1.1142509,-1.380913,-1.2477537,-0.7218048,0.3284742
