Albedo_01,Albedo_02,Albedo_03,Albedo_04,Albedo_05,Albedo_06,Albedo_07,Albedo_08,Albedo_09,Albedo_10,Albedo_11,Albedo_12,ET_03,ET_04,ET_05,ET_06,ET_07,ET_08,ET_09,ET_10,ET_11,Id,LST_Day_01,LST_Day_02,LST_Day_03,LST_Day_04,LST_Day_05,LST_Day_06,LST_Day_07,LST_Day_08,LST_Day_09,LST_Day_10,LST_Day_11,LST_Day_12,LST_Night_01,LST_Night_02,LST_Night_03,LST_Night_04,LST_Night_05,LST_Night_06,LST_Night_07,LST_Night_08,LST_Night_09,LST_Night_10,LST_Night_11,LST_Night_12,crop,ele,forest
0.497540752,0.481988756,0.253381407,0.197044384,0.205773672,0.200058965,0.194678401,0.195372818,0.19545347,0.198755462,0.213258026,0.465666418,4.683825679,3.453469514,2.312535299,5.787925968,14.60884428,16.20336488,9.344676314,4.125167215,5.496508272,24891,261.0185982,269.5789473,289.9730217,303.4690403,311.4777931,314.5245192,310.0192766,307.035375,300.9780693,290.8666115,279.9156426,264.9082143,250.8989115,256.4571389,269.8497146,278.4971157,284.4913093,289.9295228,291.8690868,288.7126242,281.8206994,273.5678136,266.0756881,255.3797121,5,338.1745152,5
0.222058766,0.237656468,0.188442623,0.165059332,0.159701711,0.1583604,0.154262261,0.150963684,0.145707286,0.1519415,0.199714397,0.217155961,9.100367718,9.179857603,9.777529093,11.88589332,14.8714863,14.50679975,11.3880772,8.743452513,7.288946609,4280,276.424516,282.4331653,289.4145248,296.7618679,301.916603,305.7720995,306.1234593,302.2862203,296.1015753,289.8440116,282.1641136,276.1817188,256.4228157,259.2010197,264.7800825,270.2251076,274.9696933,280.0761781,283.2584272,281.5223926,276.1816461,270.1990074,263.8511319,257.9644691,5,2770.997343,5
0.243377998,0.230551561,0.185942335,0.175395647,0.169466655,0.170118519,0.167107749,0.164498542,0.159105117,0.1600617,0.188421879,0.238781201,7.833589757,7.148077622,9.496256861,13.33151851,11.96983183,11.84634884,10.02857891,7.591206692,6.255928283,4512,276.4463497,283.2533978,291.8343973,298.9208824,301.1625012,303.94862,307.2333436,304.9870267,298.5002072,291.9174175,283.4844487,276.2840492,258.484848,262.2871131,268.2742293,274.2222009,279.3027889,284.3742515,287.2062882,285.5211143,279.8671543,273.5218957,266.9687837,260.3399995,5,1995.314854,5
0.347294063,0.290944662,0.237171829,0.217580917,0.217792437,0.210970471,0.208120597,0.206435682,0.205724351,0.21124207,0.233629363,0.337962319,3.746118215,3.248435525,3.546698074,6.012700523,9.098602996,8.272884585,5.564612788,3.773990401,4.568812634,9591,273.0366993,281.767658,293.6670238,302.6884539,308.3657499,311.2303231,312.1172018,308.6907464,302.3861511,294.2745269,283.7569139,273.1952297,257.8044308,262.3948117,269.2254558,275.4486912,280.2692798,285.9013297,288.754577,286.6397641,280.5513877,273.1559914,266.258719,259.2713816,5,1843.657414,6
0.269307262,0.227180263,0.190197893,0.188698285,0.195159739,0.182681942,0.17772707,0.176160244,0.178868236,0.195910124,0.20380406,0.207251365,1.031335634,0.498387453,0.93632081,4.112813025,6.430686161,6.435897148,4.786838125,1.625559654,3.376859121,15134,275.6262343,282.7227297,292.4828365,302.3477753,307.6814826,309.2869008,307.7660544,305.1714893,301.1047226,294.9271058,284.0999986,275.6689529,257.4454924,264.0245937,272.5385195,278.6524754,283.2146961,287.8479591,289.6948296,288.1272037,283.1363373,274.908022,267.77356,260.5682778,5,996.2977099,6
0.247310156,0.229993721,0.192864968,0.185484515,0.177972037,0.182161382,0.17607201,0.175995983,0.166226924,0.164087631,0.19319986,0.228366635,6.58425137,5.628335191,8.061151897,12.69325114,13.03825768,10.44398683,8.775835047,6.922472326,6.32293065,5449,276.7848244,284.4276939,292.7417279,301.5522596,304.4090081,305.9273254,307.933448,306.5614652,300.3369579,293.0426451,283.9266822,277.4857907,256.8459646,260.47417,266.6447201,273.1747244,278.6847547,284.0691328,286.5419152,284.7923148,278.7415857,272.0096051,265.6283601,258.6235679,5,2027.474564,11
0.650136545,0.670987442,0.489609248,0.170187317,0.156547775,0.169885913,0.168731841,0.16001447,0.165785002,0.193121137,0.361578007,0.594238479,8.855484277,9.615146516,12.19772565,22.11840135,21.60434688,12.84705466,7.687515463,6.516431282,6.176114076,21045,260.6492707,265.5763022,282.5658136,301.2812951,303.8226803,302.2417008,302.5035595,304.2658867,299.7181972,290.4698491,276.0866957,263.2352594,251.1716114,254.2328456,265.922742,273.4960583,277.7236979,281.1334284,282.8770866,281.4514468,276.65598,270.0564506,262.1560163,254.1491674,5,1851.4692,12
0.685530901,0.697419708,0.490950312,0.218756063,0.20582058,0.202544066,0.197548963,0.196874197,0.202184668,0.214972267,0.359773896,0.635887266,4.265174538,3.35840388,3.03192345,5.124085488,9.823307256,8.843651735,3.946512597,3.995197824,4.730215719,28135,255.925715,261.5343616,280.3719396,299.2500071,306.0058636,310.4506675,308.9451874,306.3583468,298.9742191,288.1261054,273.6995146,258.6376654,246.7564954,250.0174306,264.5105095,274.2565524,280.3820587,286.9318788,288.4194076,285.4939651,278.1150289,269.9372753,261.1437467,250.6170343,5,585.8317025,15
0.265913084,0.221046967,0.205856743,0.200402989,0.199428242,0.189842373,0.184470883,0.184181062,0.188593256,0.204566743,0.219982889,0.257030379,0.936047936,0.58505457,0.719039112,2.235336183,4.115123746,5.432946409,4.483985457,1.553671883,3.587264093,16751,275.3768349,283.276835,293.5933265,302.2317156,309.4303877,313.6069035,311.8774631,308.0942038,303.0145971,295.6430875,285.1111186,275.2621294,256.1574608,263.2139418,272.0045867,278.2120359,282.8387632,287.8238025,289.7935069,288.1187184,282.631706,273.7741118,265.8972204,258.0818672,5,922.61668,20
0.25048032,0.226434612,0.199889109,0.207907154,0.203116565,0.192872613,0.190873733,0.19359321,0.199778413,0.214938556,0.225135806,0.244873222,1.289498761,0.631281307,1.017777778,2.732489451,4.069583333,6.507542735,3.835,1.534152319,4.210844944,19804,272.502141,282.5934955,293.5797579,305.572446,313.9205748,318.0552875,318.5176078,314.1490718,306.6110714,295.5984535,282.7971635,272.5888963,251.4874472,257.7830617,268.4493261,275.2817681,280.8667688,287.6618258,291.0256266,287.272962,279.3635789,270.3139561,261.4273857,253.224512,5,921.8,37
0.307068629,0.262123383,0.215626762,0.181796337,0.167360048,0.161376391,0.158184246,0.157322145,0.152750519,0.171578263,0.274057545,0.325586705,6.214559701,5.636863734,6.375319387,10.54219342,18.18355748,15.52590187,9.309202533,6.258413211,5.987571547,6417,274.7457017,281.2166896,289.596827,296.8665281,301.950704,303.2781928,303.1262799,299.5023552,294.949301,289.4678743,280.671624,273.7626169,255.349803,258.0711052,264.2990987,269.3875181,274.5562685,279.7843726,282.5585225,281.0238276,275.8937332,269.3633963,262.7454755,256.917904,5,2563.255596,37
0.258621623,0.26932492,0.224563623,0.179452373,0.140267152,0.140567043,0.176208543,0.182926118,0.174800367,0.198752916,0.276464372,0.259051802,9.260824398,9.685965005,11.34492255,14.64554014,24.40768211,18.94994449,12.09972697,8.248562755,7.130005805,5439,276.3760732,282.9141573,289.9195396,294.9828699,300.4599222,301.2731728,295.2838539,292.3175808,290.7728072,286.8088025,280.2617565,276.178418,251.2566282,253.3837375,259.6781183,265.4159598,269.5185429,274.6329882,277.8272786,276.0668743,271.2342218,264.9301493,258.4808251,252.8912548,5,3055.698611,59
0.594956703,0.586880479,0.299921654,0.15731159,0.167396353,0.16655455,0.167425048,0.163286017,0.163416805,0.161476455,0.239228537,0.52469576,4.537808822,7.37782677,17.08795648,24.31988755,22.62818486,16.88308843,7.252172268,3.532370073,4.597104455,22543,264.9952134,270.6228952,289.3349134,301.2329384,302.766276,305.1671647,306.4221144,306.216194,301.0494968,292.2978,280.6024959,267.3433532,256.832734,261.0915922,271.9148314,279.0232605,282.9603582,287.1437798,288.7865745,287.0510091,281.7527148,274.9458902,268.3732361,259.8426872,6,942.9615801,5
0.383713181,0.268122818,0.221218727,0.208913996,0.207939378,0.201687905,0.191356115,0.189922034,0.184609351,0.191696903,0.250607615,0.343797388,5.456403529,4.445742879,4.419071113,7.364592354,12.70179377,9.385570296,6.674464917,5.397479516,5.866292059,7261,275.4738058,284.1315474,294.52491,301.7424711,308.0371415,309.8214686,309.2118762,306.6024177,300.6018853,294.0588688,283.9744845,275.6719917,252.1016766,256.7078164,262.969373,269.0202178,273.8387532,279.9411832,283.4688278,281.7185266,275.1773385,268.031881,261.007414,253.6739489,6,2064.904519,5
0.68246453,0.687073639,0.48970526,0.199280793,0.193699455,0.189546292,0.184862844,0.187608471,0.196820681,0.244311215,0.45333043,0.637991692,4.944698056,4.479502049,4.251319244,5.119767493,7.569222381,6.032769659,3.639737397,4.658832548,5.943057694,22659,258.8053225,265.1303828,278.2576274,296.5849599,303.328784,307.6903218,307.1548339,305.2129805,298.4309826,285.5451263,271.2369517,261.0081147,248.1921511,251.1019875,261.4834933,268.5852417,272.8756465,278.841484,281.6554121,279.2038199,272.7286555,265.4490771,257.044926,250.3637833,6,2033.614589,7
0.256413015,0.248978614,0.226685793,0.216874775,0.200850457,0.18714823,0.180648757,0.181581645,0.188798806,0.208542983,0.224323289,0.240100016,1.056648479,1.003136155,1.594308497,2.929697768,4.561997829,5.119416664,4.141758234,1.751490165,3.076129139,10830,278.4210916,286.750593,297.9448524,306.9003155,313.2699756,316.6401928,314.7824234,311.5675404,305.940443,298.766246,288.1453816,278.7799402,256.9554095,263.7322786,272.1819379,278.3864527,283.3684214,288.0551049,289.8825024,288.491961,283.3232996,274.7173534,266.5231404,259.4346401,6,1141.752941,8
0.266675365,0.249448192,0.211260011,0.218202438,0.214862775,0.201779527,0.199958781,0.203408524,0.209440741,0.226533282,0.243337868,0.261469901,1.327725367,0.664285714,0.940812785,1.631300345,2.47278481,4.766875,3.3,1.474694915,4.531491228,19279,274.4200292,283.5329173,295.2573677,306.5184275,315.2365895,320.97146,322.2815132,317.8480948,309.4524916,297.6349821,284.7042856,274.0335649,254.8355416,261.0307525,270.6497681,277.7534091,283.2864689,290.0956983,293.4369831,289.9885808,282.0140142,272.9620263,264.0446148,256.0517431,6,957.1666667,9
0.201651332,0.2090238,0.18855223,0.167675844,0.161025542,0.15647947,0.152072416,0.150913238,0.1481,0.158810251,0.171196928,0.188825336,6.907452254,6.27931961,6.511820696,8.538300588,11.89704797,12.12657868,9.59968587,7.395354404,6.850939155,4741,278.2620484,284.2450869,291.0653962,298.5354362,303.3684655,305.1138955,305.1815504,301.8028589,295.9874294,291.1231441,283.4949755,277.8751289,255.1861505,257.528197,263.2296362,268.2661492,273.2368421,278.4110863,281.5867035,280.2167297,274.6115117,268.7899209,262.3864512,256.8216792,6,2734.666667,9
0.59491049,0.599095609,0.511103874,0.197275774,0.134164656,0.158324411,0.167677443,0.163674515,0.158185307,0.190182125,0.467515607,0.598138104,7.94752822,10.17421209,13.2546612,23.35007589,24.66022236,12.9420225,7.905621872,6.600766334,5.716715198,22384,269.0057656,273.3570429,285.5411257,297.9613079,300.4356042,299.6505595,300.6232431,303.5795386,299.1762568,290.5910939,276.07895,268.8001039,260.7151937,262.7864767,269.2060877,274.9002438,279.3389006,283.8319025,285.8475592,284.6189683,279.7538502,273.2016989,266.7780792,262.191161,6,1508.108297,10
0.336455187,0.255840449,0.217862068,0.185774423,0.181315151,0.180109111,0.176020807,0.17922133,0.170873285,0.176095919,0.228310127,0.334031994,6.746724091,6.189429693,6.938482919,11.56579162,13.62556738,10.67094851,8.858347537,6.872542677,6.420766602,6958,274.7854735,282.884335,292.4359745,300.5104726,304.5139089,304.5246991,305.9056215,305.3942444,299.7112803,292.987054,282.7719388,274.388803,256.4414538,259.8085319,266.3202618,272.2316357,276.8475683,282.89108,285.6039303,283.3548999,277.6931179,270.7683124,264.3061582,257.8786855,6,2180.027644,14
0.699331028,0.718703479,0.570610842,0.226289096,0.176563491,0.172375558,0.172433687,0.178592993,0.188057028,0.209994245,0.47350587,0.679901556,4.90581353,4.814739932,5.525987476,12.81960124,14.92337299,6.265594215,3.526846441,4.790397788,5.282456779,27514,254.6034756,261.4065674,277.8413277,298.1904006,304.8114939,306.6007275,307.1466147,306.6001523,299.810358,287.6203231,269.3352338,255.9355455,245.0628253,248.6521363,262.0875954,270.7450918,277.1375236,283.6641885,285.5978509,282.6396578,275.2547004,267.5100724,256.2661413,247.6110783,6,1239.234841,15
0.235475817,0.230124854,0.191806381,0.171338493,0.162606868,0.160554931,0.161224768,0.163450786,0.159264777,0.169743666,0.232578071,0.223041027,8.990222116,9.006107977,9.302870744,11.99091989,17.76867744,15.80540183,11.39921426,8.563220445,7.469798975,3182,279.0598564,284.5539622,291.3010537,297.4712078,301.1607396,302.5562194,302.3008971,299.2455327,294.2756962,289.8475771,283.4048045,278.9713184,253.7686286,256.4880391,262.109751,267.070705,271.6385052,276.1434764,279.6818845,278.1719396,273.5586968,267.759952,261.2537803,255.3073608,6,2853.537037,15
0.205602308,0.200085376,0.165962595,0.156084905,0.153928677,0.152285926,0.149228424,0.146988951,0.142472426,0.142056239,0.175656908,0.183742097,8.881211957,8.757795735,9.010780403,11.9689136,17.80405836,15.34861844,11.08765928,8.661628789,7.585859132,2771,277.8131048,284.4761847,291.1990401,298.5183145,302.8233016,303.5977408,303.0422894,299.5850795,293.8911012,288.9429097,282.4539807,277.7925591,254.8446813,257.977013,263.8865347,268.3713214,273.0790333,277.4714496,281.1811004,279.4033334,274.9117901,269.3840317,262.8878449,256.478853,6,2693.665633,20
0.340302226,0.292775102,0.223669449,0.200304353,0.200007789,0.194803942,0.192052456,0.18932465,0.18680848,0.191174442,0.224707903,0.328633763,4.059855279,3.548458396,3.854197721,6.50153126,8.829359072,7.92446622,5.569306729,4.017373081,4.838951563,9590,271.100553,278.950632,290.7986766,300.2709063,305.8320486,308.0780715,308.8167296,305.7677322,299.9405959,291.8852705,281.2128545,271.2116894,257.1167123,261.3480385,268.1375053,274.2790718,279.2436729,284.9069223,287.6267006,285.5542082,279.592728,272.2569765,265.518786,258.5882801,6,1944.561955,20
0.242433409,0.218021698,0.195052794,0.184777405,0.18047774,0.176202842,0.171809006,0.169601771,0.168171367,0.174859091,0.196532978,0.211418018,8.65752137,8.27133609,8.282565888,10.6035137,15.07765215,13.77759657,10.80019095,8.466885667,7.553822599,3184,280.0147794,286.4517353,294.0509743,300.8528985,304.6578477,305.1546302,304.684803,301.0525728,296.2117718,292.2642058,285.5832518,280.3325443,253.8707802,257.1126587,262.9503762,267.647331,272.1201516,277.4259418,280.5018237,279.1314593,274.4067077,268.3504787,261.9128541,255.5261899,6,2782.585663,28
0.292904637,0.272716146,0.26157695,0.245804179,0.23641295,0.225760368,0.220891353,0.221205972,0.227703218,0.244082055,0.265045064,0.276737068,1.89564769,1.431596931,1.690949393,3.459357261,5.483583528,6.149124336,3.883557421,1.931613615,3.374178368,13250,274.7571093,284.891687,297.3376751,307.2255716,314.6928542,318.6005543,319.1688238,315.3799579,307.7779124,297.9880289,285.2866348,275.6415954,254.8787822,260.5121123,268.8583509,275.4447985,280.9433215,287.4103856,290.6074378,287.9082248,280.791881,271.5046429,263.696347,256.5622569,6,1234.91634,37
0.581597586,0.567863459,0.393322511,0.201039183,0.181099526,0.179943089,0.179069308,0.181451298,0.185727929,0.206889221,0.327977466,0.520529859,6.335125828,5.427797527,5.604601359,7.637275294,8.155544683,7.294514868,5.589145201,5.576243361,6.366145466,18782,268.3529573,273.6902526,288.88371,297.8264398,301.5560787,304.6626843,305.3570839,303.6874166,298.4207279,291.3416394,280.2220565,270.2827866,255.4847176,261.0477543,269.5454485,275.1389679,279.4923227,283.6852346,286.0057337,284.656284,280.0183388,272.7443633,265.5802725,257.8818806,7,1851.798896,5
0.70535666,0.720689656,0.488481301,0.176008239,0.180503919,0.181276687,0.180881554,0.183421164,0.189090137,0.197838232,0.369806643,0.657059051,6.879637949,6.456597409,6.358094416,13.05218232,20.2280154,14.48309368,5.43879085,4.696741214,5.559802008,27257,260.1330782,265.3692436,280.8402865,300.3954405,306.6339852,309.5233553,307.8561086,306.6920541,300.940066,290.2997576,274.2393615,262.3281413,251.6182186,254.5765521,267.4757628,275.8971811,281.3626124,287.2340479,288.9787876,286.5074713,279.2025991,271.7523451,263.7489582,254.6533487,7,661.0142529,6
0.662504801,0.680294832,0.5048732,0.215582297,0.172683087,0.163188013,0.165625443,0.171455108,0.183214674,0.214253998,0.454077272,0.639204219,4.161972916,4.016938219,5.065133358,16.13843872,19.5012458,10.70113649,4.053570628,4.185216403,4.729531157,27234,254.0377137,260.7225053,278.0960144,296.5257075,302.6839782,304.2517057,304.5811636,303.6705133,298.1798305,286.6757061,268.7230843,255.945525,243.369993,247.5271038,262.0513421,272.634715,278.2521877,284.737859,286.3259003,283.2669524,275.6603488,267.8043859,256.3347441,246.5491876,7,1119.855381,9
0.649211882,0.678164712,0.462626107,0.223895418,0.208018422,0.197197141,0.192453496,0.192460172,0.199671498,0.209287208,0.28978775,0.584669036,3.961088982,3.025170858,3.496442211,7.623872527,10.06867808,7.892985463,3.911236849,3.954656137,5.403760259,27397,255.369734,261.466882,282.100776,300.9631191,307.0203613,310.1475305,309.9250222,307.8388587,300.4444227,288.8846294,274.8912984,258.1236009,246.042079,249.36573,264.3883929,274.6723695,280.8273975,287.5747721,289.0326407,285.9041988,278.1332114,270.0474266,261.3196636,250.1335652,7,629.1414214,10
0.3396355,0.30411547,0.158927092,0.165632088,0.176408122,0.169760941,0.164478401,0.161643557,0.168772522,0.186317136,0.1986455,0.19915091,0.830953448,0.505258871,0.817453708,3.592908577,5.866976021,7.482100048,5.791425147,2.114362323,4.014593176,15798,273.928073,279.9392521,291.0541965,301.6103025,307.2968072,309.9368612,307.4015346,303.9485036,300.3641438,294.4692938,284.4382568,275.1770009,258.4961017,264.5948064,273.6386889,279.6295112,284.2051683,288.8097753,290.480575,288.7880597,283.5448593,275.0244819,267.1985291,260.7277634,7,962.4569536,10
0.638138729,0.667560955,0.447148072,0.2181997,0.207003501,0.198068771,0.191598748,0.190669799,0.19781159,0.21262355,0.286752571,0.582322064,4.561169956,2.951881398,2.534916222,4.931815698,10.23842462,9.394556012,4.175307105,4.483204442,5.896272121,27837,255.7784715,261.4410633,281.3075232,299.9280312,307.0519977,311.0970336,308.5243833,305.7362739,299.0086134,287.6089921,274.5549452,259.0994223,246.0217154,249.4363277,264.8055369,274.8150176,280.9850402,287.7813417,289.1192984,286.2045954,278.4834917,270.4684604,262.185413,251.2484845,7,516.3553416,13
0.499864912,0.507158631,0.344097978,0.154394302,0.154743885,0.157216835,0.155866825,0.158686536,0.158997514,0.164402022,0.301121625,0.467388953,4.599800517,4.239565974,7.070037075,14.03196942,13.62870586,7.410319053,4.028103119,3.441987898,4.555207079,23455,261.9951314,267.3162015,281.9924713,297.9434499,302.6150433,303.8128933,304.1888527,303.3908889,297.8377631,287.6782653,273.4431713,262.9383314,253.9259231,256.8228004,267.1309712,274.596531,279.2913829,285.0205721,286.7253827,284.6816898,278.3508553,271.3889763,264.0502427,256.126615,7,1502.864685,16
0.202864947,0.215091956,0.19033243,0.165217599,0.16376756,0.159909961,0.155804777,0.152790034,0.146079436,0.152200227,0.180106905,0.208837366,7.823072243,7.237428195,7.504838703,10.10702778,14.50272908,13.3298402,10.50041372,8.055388561,7.066625288,4509,276.1182731,281.9751634,288.8588678,296.9657015,302.0741015,304.5283569,303.9738958,300.4032958,294.6728779,289.1283071,281.3071805,275.5088715,255.8079551,258.2904022,263.9401891,269.2901204,273.7262082,279.2842954,282.5838012,280.8311443,275.2815918,269.4014501,263.1654542,257.4200198,7,2726.870897,25
0.585511072,0.602554907,0.413031386,0.136608354,0.147308538,0.162939805,0.171136959,0.163476942,0.152650212,0.149575834,0.332282668,0.542428527,6.177996875,8.30559571,19.7804754,34.69678313,24.29216119,14.32795215,6.996743516,4.602238397,5.611057455,22547,263.9201789,268.6690789,285.6249091,300.2652931,300.3379828,301.2155453,303.9200138,305.8467567,300.8920263,291.9443936,277.1927743,265.8680142,257.3978827,260.7318331,270.0501919,277.2676342,281.6952801,285.8997157,287.8979514,286.4408073,281.1946304,274.2337912,266.5453819,259.875225,8,1202.0212,5
0.628813942,0.663320231,0.377415335,0.185099459,0.185814778,0.176397122,0.17242453,0.181893776,0.194851226,0.203933921,0.35366093,0.534258991,4.179787867,3.211129206,3.945066114,13.7363904,16.40946161,6.382535445,2.833292571,3.855983526,5.561172927,22993,258.5290633,264.8075082,283.3061192,299.4305468,303.8667609,303.3188487,303.1661499,302.6411639,298.5163752,288.2871752,274.4179046,261.3089934,248.0248469,251.6934994,264.2135303,271.7248951,276.8301862,282.5045839,284.5621212,282.0372308,275.3341597,268.1203583,259.6872297,250.9043934,8,1736.167358,5
0.20933302,0.198885302,0.181379024,0.176466456,0.169591461,0.160883208,0.161259524,0.160320733,0.158162286,0.167788875,0.175399307,0.197608574,3.908143236,2.846196044,3.733760813,8.129343281,14.19374477,13.24977022,7.651871039,5.403280837,6.211952628,4550,276.8708325,284.2967351,293.6733894,302.0520552,307.4008214,308.6096338,307.9101398,305.2371195,300.4104513,293.9594004,284.5596776,277.0553919,260.3349116,264.5637117,271.9096316,278.2503764,283.6500885,288.6176314,291.4930433,289.3546472,283.64309,276.4494087,269.7661884,262.2080122,8,1251.411253,7
0.293702357,0.23435895,0.206619342,0.175134703,0.171184069,0.171934061,0.167069575,0.166861676,0.159717915,0.163288396,0.228050004,0.305451611,6.670513725,5.893128493,6.970030705,13.44453261,18.31696909,11.94458489,8.628402705,6.642048735,6.251112738,6682,275.5599838,282.6775704,291.057349,299.2463499,303.6560392,302.70533,302.9925572,302.1036752,297.6057804,291.3067834,281.8272743,274.9332938,256.2067837,259.2378995,265.330127,271.0289581,275.7290514,281.7323527,284.2031948,282.4718449,277.2692295,270.4490868,264.0338164,257.8596076,8,2360.511282,12
0.632156348,0.645986485,0.418373835,0.209708471,0.191626631,0.183446642,0.180511442,0.179529352,0.183911237,0.198409105,0.29404934,0.586249861,4.361813737,3.232997261,3.699641057,9.609744878,17.95805372,12.949759,4.695980359,3.938417523,4.807115157,28075,256.3423796,262.0259795,282.2950465,299.8821822,305.9971324,308.383139,306.5645365,304.7779331,298.496182,287.9556766,274.445596,259.684458,246.7651109,250.46156,264.8777348,274.6436636,281.1535744,287.7763642,288.7960169,285.5999792,278.3922986,270.1957091,261.6715397,251.0468694,8,505.07259,15
0.633825492,0.647738026,0.411680193,0.207626641,0.190691367,0.186927175,0.178231502,0.175081581,0.177773362,0.197738572,0.402774033,0.605118643,4.791820525,3.583565588,3.342925665,6.282693437,18.45909968,16.93259975,4.537221934,4.223790996,5.166226359,28427,257.7473397,263.8517926,280.113858,298.158231,306.3188289,310.434104,304.9846571,302.4737604,297.6409327,286.4629977,272.2872046,260.6874074,251.6481934,254.4459302,265.560959,274.5703932,280.3326632,287.1958299,288.4102793,285.1973565,278.8574783,271.6718211,263.4810782,255.6233124,8,510.2867812,20
0.303906431,0.25031251,0.215135042,0.204350657,0.196509711,0.193817085,0.189780816,0.192553441,0.184987221,0.187968484,0.226835832,0.281432898,5.855734203,5.270556766,6.166807919,10.92673575,11.89476411,8.262283945,7.028714267,5.879313952,6.020800511,6691,276.408111,284.5392604,293.9384129,301.7064446,305.3048512,305.4480375,306.619504,306.6838285,300.4341781,293.2570455,283.5241894,276.7154638,255.3829587,258.9646896,265.2049685,271.483227,276.0686396,281.7392053,284.5669259,282.7135894,276.7277767,270.3401776,263.8449478,257.3048518,9,2128.510554,5
0.731858744,0.687759622,0.374385534,0.191321925,0.191327762,0.181521559,0.184902484,0.188585021,0.194778768,0.201639991,0.317551943,0.653899615,8.178638831,7.444738246,9.155809841,15.33727394,12.25373657,8.265783327,5.004519898,4.872302628,6.157522032,23381,263.5534161,269.5689481,287.5951806,302.4934317,305.2247443,307.5552277,309.6244972,310.4781717,304.2753828,293.9893124,279.9693831,266.7046592,253.5098764,258.7593286,270.1543171,276.8711374,281.3360415,285.9917441,287.7948169,285.753358,279.9096747,273.0387436,267.1246081,257.3039844,9,1032.331338,8
0.263969903,0.257616394,0.21859604,0.210387485,0.194098815,0.178401903,0.173102941,0.173314833,0.178354837,0.200799762,0.2003712,0.230554652,3.076353815,1.988182504,2.742898352,5.58479922,8.539951907,8.932495357,5.423779428,3.890864533,5.449546153,8258,275.8246587,283.0412405,292.8529643,301.9396051,306.1043669,308.8661575,308.7749907,306.636892,301.2620644,294.0526766,283.2822874,275.8247301,258.2865995,262.9320358,269.7669753,276.3049712,282.1204046,288.1268716,291.3815866,289.0403387,282.7757653,274.9033236,268.2009562,260.4523111,9,1097.140728,8
0.623839242,0.591114502,0.314780401,0.166334233,0.167397725,0.162244073,0.161988987,0.164890462,0.171161756,0.180667394,0.278446819,0.562950271,8.626042328,7.86930548,10.61381089,22.29309679,22.4083605,14.42702663,6.829556037,4.902290103,6.233716586,23383,265.3767129,270.758778,287.7894219,301.866853,303.5674375,303.9320234,304.267846,305.0322528,300.1869437,291.6477275,279.687938,267.8792908,255.8439953,260.2381067,270.3796962,277.2407526,281.7344361,286.0211633,287.8552106,285.964785,280.5344068,273.7437823,267.3750534,259.3660016,10,1121.800553,5
0.26731559,0.261153267,0.223573301,0.218706478,0.197758461,0.179494171,0.175651055,0.174897813,0.18021699,0.199549387,0.199022452,0.237140402,3.099477122,2.013044768,3.075278227,6.596338866,9.677938981,9.472170303,5.394845974,3.871919098,5.504718749,7931,276.0641532,283.5714391,292.8342105,302.280198,305.9390229,308.4597898,308.5498735,306.2995418,301.2935593,294.0576626,282.707848,275.843756,258.0916625,262.545954,269.4441894,276.0619658,282.0148549,287.8794321,291.2505404,288.8276159,282.4833298,274.7964184,268.4519841,260.3488516,10,1099.06208,5
0.627241476,0.601065286,0.326734005,0.153405922,0.158380609,0.1565587,0.163968089,0.163712414,0.165315608,0.168487813,0.249172277,0.548550666,8.389298305,7.750531575,9.883008794,23.3077465,29.20783056,21.24726534,8.682597552,4.837315975,6.30792508,23382,263.2649985,269.8010412,287.3914795,302.5088816,305.2035338,304.95942,304.0357242,303.9449563,299.5427187,291.6161847,279.7216402,266.4894414,253.3531141,258.4955898,270.1520274,277.1196651,281.6464569,286.1589113,287.7291025,285.6267807,279.9525674,273.1804211,267.2111122,257.219887,10,1052.038582,7
0.213832962,0.203423663,0.194611538,0.178305024,0.17390924,0.171391572,0.166809751,0.162955097,0.15604138,0.159864249,0.19095881,0.203274231,8.239177715,7.519736314,7.774160075,9.360634555,11.5641491,12.26461346,10.42540254,8.202843563,7.138142116,4511,274.9656156,281.9462942,290.2007154,298.3855723,303.5064382,306.8637643,307.8829241,303.6270593,296.5263498,290.1837286,282.2195007,275.291924,256.4730493,259.5295162,265.5151131,270.9486401,275.5959151,281.1708644,284.4716166,282.8099325,277.0541114,270.8698714,264.2848704,258.1924555,10,2375.8,10
0.207864595,0.195620286,0.17529066,0.155974153,0.149864362,0.146582171,0.14490666,0.144272643,0.139842108,0.149246999,0.195541118,0.200384571,7.08237406,6.376674165,6.697035591,10.12534793,15.40944717,14.16420198,10.022331,7.448293906,6.848803852,3399,277.8494526,283.6808244,289.6444514,295.6707645,300.6778887,302.8329649,302.3320141,299.2829358,294.6345062,289.5897817,282.7248679,277.6905595,255.3796974,258.0734875,263.7329864,268.8360864,273.5823663,278.1878451,281.5198824,279.7541746,274.9209321,268.9570657,262.6782291,256.860208,10,2759.3,40
0.351947793,0.364299193,0.256117097,0.181899131,0.152689729,0.160057393,0.167781027,0.162211786,0.158782576,0.186678549,0.302710235,0.371220522,7.536195032,7.187864228,7.819461373,12.35564059,22.91901982,19.33249876,10.0973265,7.268943935,6.667206889,5916,271.8980672,277.9711812,287.0976203,295.3305855,302.2358212,301.9825611,298.2776568,295.3170291,292.6753628,287.7352681,278.5071272,271.586258,254.5445458,257.2135885,263.6507207,268.4609395,272.7928635,278.6568768,281.4538132,279.9404797,274.778556,267.9889743,261.8390815,256.0234745,10,2715.049233,60
0.271387132,0.238071948,0.226165766,0.204646349,0.184221446,0.176367805,0.173928932,0.177514207,0.183206984,0.19861925,0.222014031,0.242390151,0.537392573,1.172053462,3.955920348,4.461959369,3.673668762,4.749990224,5.439635817,2.713477789,2.181703318,8420,275.82607,285.2338491,297.2871487,303.9879324,308.0427982,310.8458754,312.2061661,309.3104387,304.1322433,296.3041044,285.1448036,276.1211288,258.1498825,264.0586222,272.6876759,279.5472624,284.3206093,289.3044179,291.7026387,289.4132129,283.5771515,275.4922058,267.8858217,260.2237345,11,890.8635521,5
0.656243963,0.675647574,0.505024979,0.166971713,0.146152913,0.16885184,0.174724848,0.165865939,0.176335167,0.201489311,0.395991585,0.617798072,8.669348997,9.545501211,12.32385105,22.78898071,26.34473644,14.94138021,7.655951374,6.501147545,6.044972827,21047,261.4160683,266.1463903,281.6799776,300.4180474,303.0765445,299.850684,298.8776044,300.7320594,297.911527,290.0762203,275.517913,263.9947003,251.3032133,254.0593449,265.5151807,273.283648,277.3037876,280.7648106,282.3989925,281.0898325,276.1905051,269.7744757,262.0250434,254.0761143,11,1895.626016,11
0.655822723,0.678107851,0.514353915,0.208182405,0.16794201,0.166105292,0.168395916,0.172006728,0.180679909,0.204541628,0.449549303,0.638939986,4.484427154,4.457098251,5.493457369,14.29997297,16.63222728,7.568315217,3.561491132,4.492559895,4.988162942,27421,253.3145455,260.3668651,277.8165714,298.4048282,304.4682347,306.2433762,306.4778302,306.0399089,299.4574194,287.0493545,268.517737,254.6194878,244.0876355,247.9363675,262.364668,271.9171448,277.8422813,284.4031398,286.0166796,283.009435,275.4960863,267.8089061,255.7820684,246.6070081,11,1271.588974,12
0.670412622,0.69128775,0.521143456,0.163361867,0.153910407,0.170694021,0.172215303,0.163219938,0.168707275,0.199160596,0.36850368,0.619254196,8.800772103,9.609134164,12.69515639,24.77675652,27.07740372,14.85235118,7.642154285,6.24559293,5.994629759,21278,259.5712287,264.773491,281.8544848,301.2344288,303.8221494,302.5222655,301.9263043,303.6718447,299.870489,290.5297744,275.5746805,261.6500818,250.2652252,253.3263019,265.4115738,273.9380616,277.9402254,281.2755562,283.0373757,281.5578785,276.6098656,270.0275611,262.2483128,253.3547924,11,1795.027741,14
0.619616292,0.631469157,0.392554998,0.213940041,0.198955792,0.189930765,0.187736289,0.186489778,0.189976412,0.202782571,0.288564525,0.579528768,4.356765688,3.065226181,2.815129231,5.869816642,11.34192864,9.830042705,4.162872941,4.094060477,5.015607394,28074,256.6874754,262.4564532,282.9850656,300.4488954,306.7983243,310.1435865,308.1789377,305.4339684,298.486274,287.8286589,274.5674542,259.8541067,246.764047,250.8349958,264.8414093,274.5463661,281.0032447,287.8496224,288.8545808,285.6647429,278.2219454,269.7550618,261.2277276,250.9499991,11,497.4352108,19
0.261905245,0.250400401,0.237233344,0.224247696,0.211614305,0.199178185,0.19611612,0.194804193,0.202720824,0.216757452,0.234061843,0.248860513,1.877557067,1.081401412,2.184719259,7.779531264,9.030074721,6.70614822,3.24041358,1.767876003,3.72525597,13607,274.3238888,283.3148904,293.8507622,304.3974576,309.3535304,309.4176971,309.8617275,309.5679809,304.6780079,295.7360691,283.3027531,274.848598,255.7052244,260.6207854,268.3553334,275.3872316,280.7141308,286.5944503,288.8963343,286.6064945,280.0576744,271.5789705,264.8345288,257.5217598,11,1247.687117,25
0.205473799,0.195757398,0.177389925,0.164507453,0.161416796,0.158497528,0.152862967,0.151157884,0.146522956,0.153855659,0.191469304,0.191490875,7.092235349,6.182403833,6.293063493,8.484381366,12.10819559,11.39293001,9.433377093,7.508372722,7.006711391,3400,277.371203,284.0338294,290.3806884,297.3207142,302.5504816,305.2139535,304.6928079,301.4700501,295.9627833,290.3605499,283.0999318,277.4599013,255.7112796,258.5907747,264.149301,269.370015,273.8896137,279.2559566,282.7208824,280.8289134,275.6813701,269.4955817,263.1607747,257.3618187,11,2642.441008,37
0.210264044,0.217949336,0.189575627,0.140421357,0.138588339,0.142557092,0.142845096,0.138167476,0.128619297,0.133038203,0.218286885,0.218938495,9.253870677,9.860769236,10.51511452,15.33589644,23.06523368,16.96412487,11.97779129,8.901031288,7.209364258,3607,275.6164663,281.2798408,286.871745,293.8136759,298.6896592,298.9704214,298.2833684,296.7265591,292.726209,287.4627228,279.559374,275.3396836,256.4195378,259.0267549,264.7628842,269.6663706,274.0971956,278.8995222,282.516541,280.7536207,275.6285335,269.8555398,263.8186857,258.000866,11,2678.125571,48
0.290728737,0.252249287,0.192950729,0.191976864,0.19343963,0.182866366,0.177347862,0.180189704,0.18467841,0.2016123,0.221088992,0.247057085,1.012587351,0.758845383,0.805368469,3.148416069,5.405493116,6.041715852,4.867488279,2.131573208,3.700234174,17344,274.2871169,281.8085194,292.7663019,303.7034863,310.6850967,313.7766539,311.8983056,308.5895346,303.3277723,295.9463774,285.0822132,275.1940994,256.7583013,263.5238617,272.1472333,277.8979923,282.1328233,287.6203618,289.8669818,287.9331183,282.5196362,273.9511362,265.8969801,258.8753395,12,961.9069618,5
0.645856371,0.666086275,0.391466928,0.190132758,0.189931037,0.179289091,0.176058212,0.186845438,0.20476717,0.214005044,0.370672164,0.563439445,4.295600704,3.371118444,3.590894179,13.13488453,20.54185215,6.742973066,2.68612372,3.967907179,5.590800852,22994,258.8619655,264.9342071,282.7442873,299.2373031,303.6431457,302.5838025,302.0153761,301.9713173,298.4482473,288.0083504,273.9941474,261.3256135,248.1255142,251.9250309,264.2162079,271.2442197,276.2393384,281.8476273,283.8599899,281.508891,275.0224026,267.9499323,259.7427854,250.8713984,12,1749.556799,6
0.251139433,0.194459039,0.154715462,0.152594496,0.136142561,0.12860396,0.134826696,0.133265808,0.134004764,0.141736338,0.141097171,0.163391628,4.043505938,3.107688805,4.336733704,8.17466495,14.54698179,13.62473416,7.828999818,5.721797137,6.095162495,4075,277.1745202,283.9449485,292.7114072,300.6486624,302.7414824,304.6135891,305.0395106,302.6523853,299.0939174,293.1368188,283.4533063,276.9799582,259.7908581,264.8440391,272.2298193,278.5809107,284.0932867,289.4768439,291.7925639,289.7915527,284.0985648,277.0010523,270.9971415,262.2741825,12,1232.721061,10
0.226213182,0.220630409,0.174243807,0.151717845,0.149874749,0.150049458,0.149547873,0.147254054,0.139137598,0.142329006,0.212129091,0.249271878,9.696062999,10.00097085,10.55414622,14.10040607,20.47347346,16.84842788,12.02279316,9.08895285,7.630219327,2572,278.2364032,284.492684,291.0782185,298.6049029,302.0395931,301.217429,299.8726613,297.2820253,293.6300732,289.2114267,282.8934839,277.7094558,254.9149212,258.1973633,264.2340965,268.7702515,273.2644931,277.2286629,280.4088292,279.0574783,274.9308437,269.388632,262.9973356,256.4065722,12,2776.668648,24
0.564052656,0.570069963,0.38800636,0.149264094,0.153118826,0.157937427,0.158842462,0.162827773,0.158376837,0.161773573,0.330539679,0.533774227,5.633748974,4.838676205,7.471443104,19.06164798,20.75290426,8.055261104,4.108979842,4.130199146,5.392996277,23287,261.8700992,267.3568714,281.2793992,298.5687798,302.9699809,301.8566924,301.6343152,302.8712481,298.4453199,288.415429,273.5742532,262.8182552,253.8206166,256.7964837,266.9842682,274.3764942,278.6526062,284.3715312,286.1398373,284.1329258,277.9687525,271.4361251,263.977793,255.9551693,13,1578.763539,18
0.544238959,0.524485203,0.286527325,0.165537554,0.167631037,0.168614411,0.170700213,0.177096029,0.180845301,0.189648298,0.345455889,0.525056789,8.680919138,8.007576271,8.528302799,10.83480068,10.21942759,7.400579211,5.83906241,5.908599069,6.160765665,22761,262.2484343,268.3142425,283.5552364,297.9946668,302.9880169,307.6410117,309.5262048,307.6011829,300.0974773,288.4058599,273.298676,262.8627965,253.0005961,257.2175908,267.6335356,274.5070554,279.00907,284.4499853,286.4303669,284.4748906,278.2032026,271.1052576,262.7770339,255.1233585,14,1556.840056,6
0.271881641,0.258163636,0.243245326,0.237507889,0.232711374,0.219725579,0.211002528,0.207212005,0.208492357,0.219960531,0.230206528,0.250624926,3.365843007,2.163245406,2.604339852,4.608075376,6.135930367,6.696491592,4.825418672,3.986187468,5.160453572,6187,278.0068352,287.2574409,297.4208778,306.1833738,310.2903186,313.6551151,314.75992,311.7541409,305.6956189,297.6333752,287.6524405,278.5364089,255.7100618,260.6573598,268.1703817,274.5543698,280.3602569,286.0600662,288.8156573,287.0508698,280.5349766,272.25487,264.2669522,257.4547443,14,1439.328847,21
0.339555949,0.291327815,0.218605181,0.174256284,0.168650018,0.165373978,0.160345437,0.160601911,0.160078962,0.167610235,0.259679591,0.356069866,6.337005361,5.75349563,5.931836993,9.985278526,15.61375474,12.03428091,7.954578181,6.122801695,6.132725176,6425,273.9944529,280.2442293,289.5828766,296.8595763,302.5205839,303.4845206,303.0127775,300.8732412,296.0846201,290.4463791,281.4494382,273.7719289,255.1453553,257.8799611,264.2464136,269.5702256,273.7385366,280.0371573,283.1590654,281.3537856,275.6832814,269.0880608,262.4989246,256.5744501,14,2534.717813,42
0.274649051,0.250349029,0.225502244,0.219478856,0.21010721,0.195213367,0.188338889,0.186380504,0.192362802,0.206777405,0.215838308,0.238536591,3.175557772,2.11898838,3.27704503,8.144873243,11.67661986,10.41406451,5.825465507,3.927469185,5.276779567,6188,276.0815621,283.950044,294.6507001,304.0755794,307.4311322,309.0151549,309.8986136,307.1282032,302.5773162,295.4459288,285.9870794,276.8223468,256.3403731,261.4091133,268.3928894,274.8567046,280.8100848,286.122401,288.689913,287.1500037,280.5954224,272.5307886,264.5500368,258.3669552,15,1424.609412,5
0.702772662,0.720480566,0.558467095,0.150899864,0.131272629,0.17111857,0.174655025,0.16335242,0.170166545,0.198532,0.420640841,0.663940882,7.71460526,8.584886382,12.2782155,27.6813344,28.4667011,14.22795789,6.445958382,5.809338081,5.729677679,21470,260.259204,265.3158833,279.0931809,300.5191408,303.4607584,299.9288639,300.2186888,301.8845122,299.4234222,290.9803431,275.0689786,261.9285837,250.8767722,253.8950087,265.3462691,273.8320751,277.5341468,280.7968233,282.6856003,281.1878118,276.3261512,270.1412776,261.821639,253.4770571,15,1788.661358,7
0.629730388,0.63632287,0.47716846,0.201433725,0.168741503,0.166313641,0.170182176,0.176230854,0.187833952,0.240440651,0.463863792,0.602068393,5.103278834,4.449594588,4.798633598,8.524155996,15.13574513,9.348345866,4.00080523,4.560319463,5.773132677,22660,259.2831061,265.4754378,277.4852668,294.3962724,302.1625145,306.4264456,304.3068953,303.0252144,297.2033709,284.1336177,270.1510099,261.3025666,249.6612691,252.3970337,261.7692998,268.5999137,272.7216059,278.6609263,281.4739674,279.0575828,272.8872872,265.7754223,257.887047,251.6579566,15,2058.651316,8
0.16019684,0.155423865,0.146673362,0.135583045,0.130826678,0.132655079,0.132580785,0.129809769,0.123142942,0.124457175,0.142382793,0.15806478,10.23347205,10.87233841,11.82787607,16.14211927,21.32775023,17.62208338,12.6807753,9.305339194,7.793360203,2766,277.9330946,284.7921419,291.5599689,298.0555424,300.1000368,299.5396008,299.0509407,297.0218177,293.3312454,289.3041721,283.323713,277.5089422,257.5378494,260.739198,266.0422498,270.4807966,275.0136454,278.3137876,281.3636278,279.9193364,275.9712919,270.6018074,265.0137019,258.857735,15,2619.77724,15
0.267347101,0.247204875,0.213195985,0.20551402,0.202088189,0.192323194,0.186623661,0.187275423,0.191389007,0.206189771,0.223344654,0.231604086,0.931439999,0.806536173,1.165235429,3.429488297,5.380313847,5.742105395,4.88801283,1.932119842,3.225537513,11585,277.0782724,285.1725018,296.0041067,304.6920286,309.9024361,311.0340938,309.8948873,306.9290216,303.1737151,297.7211314,287.1765921,278.0845746,256.7552216,263.5085656,272.3792829,278.5644977,283.3352946,287.9847297,289.516763,288.0928142,282.5673732,274.0165131,266.1678454,259.3623603,15,1077.197835,15
0.642907526,0.654189106,0.420023199,0.219909985,0.202518113,0.196346775,0.189427343,0.186642385,0.191283178,0.207222277,0.297776163,0.601436465,4.284952365,3.046162926,2.837446675,5.54010411,12.3893384,11.34331941,4.476337692,4.01207841,4.943754855,28130,256.753459,262.2956084,282.3478263,299.6425414,306.1292182,309.7461186,307.307273,304.3590135,298.0035887,287.7125033,274.7134675,259.8225833,247.2104621,251.0704808,264.7553155,274.7755534,280.9824183,287.7858851,289.0047279,285.8952217,278.584386,270.2157915,261.5995026,251.387531,16,499.2800718,6
0.315763842,0.283133104,0.183256697,0.179554948,0.180080329,0.173694684,0.172233687,0.172471767,0.174808953,0.186045726,0.204638155,0.247140713,1.076109163,1.322428163,3.061352735,6.638310507,8.200023147,10.29624889,7.82387335,2.536984133,3.950666862,17038,274.1624094,282.0836868,293.5850519,301.97586,306.9470793,309.2076496,308.1198189,304.4118209,300.3699742,294.5101996,284.1627645,274.6594567,257.6908546,264.2315575,272.7069521,279.0358908,283.3571262,288.0556041,289.7618479,287.9985124,282.6581628,274.4857698,267.269099,260.1889266,16,975.2073339,7
0.393264761,0.295833064,0.178654189,0.1763398,0.187971475,0.180918737,0.178563738,0.179178183,0.17840309,0.192199005,0.207647551,0.246182721,1.019407549,0.763806913,1.470654805,6.492790886,9.81832607,10.80548633,7.44077783,2.219517441,3.843305423,17036,272.6720377,280.4610031,292.2782359,302.8755771,308.3629773,308.5808402,305.6939546,303.0394018,300.313773,295.2081096,284.1776306,274.7713261,257.556675,264.4078361,272.4474838,279.0138161,283.7815581,288.077856,289.2205859,287.3291096,281.9598132,273.6401503,266.7010878,260.1305655,16,976.4537134,8
0.243435627,0.228252966,0.219383046,0.211103358,0.193486419,0.185830346,0.178602357,0.17280312,0.173710081,0.190394818,0.213810596,0.224050231,0.960083621,2.581036709,4.232906319,4.26771941,4.580104059,5.538132741,4.581540623,1.784189824,2.202852701,2855,278.8608071,286.5195096,298.4679699,304.3311421,306.5944774,308.1090962,307.5653853,304.5073387,302.7484967,298.4882449,289.2649614,279.7685968,258.935662,264.1811019,272.1247186,278.3709934,282.4090431,286.0409142,287.2758908,286.0882279,281.0527303,272.8417183,266.1311719,260.8087663,16,1368.181244,11
0.654547252,0.664493236,0.442832697,0.211910438,0.198590629,0.193426023,0.188985662,0.187830248,0.19501445,0.209626694,0.321178484,0.60109365,4.217684538,3.273548587,3.183912338,7.590403615,14.80277718,12.24453285,4.424088106,3.993034131,4.939482079,28023,256.5558893,262.1019235,281.2629667,299.4214099,306.3058784,309.8186827,307.6248399,305.4758012,299.1500427,287.9279421,274.3334344,259.222367,246.9572034,250.4576975,265.2512441,275.2597658,281.0041586,287.5448248,288.7807404,285.8377004,278.6705768,270.6378245,262.1606195,251.4803298,17,547.3668744,16
0.236187171,0.218447268,0.19518115,0.179354809,0.174033105,0.170968816,0.168615334,0.167564941,0.163881515,0.172379199,0.199132665,0.2116476,8.806537505,8.557387352,8.6816051,10.84354308,15.34840463,14.32254325,10.9902959,8.567139584,7.580576486,3183,279.3828106,285.4672304,292.9710499,299.3175436,303.1428617,304.0327874,303.7418592,300.4370108,295.1970754,290.9977882,284.4513029,279.5992921,254.2613164,257.2593605,262.9310908,267.5626068,272.0942838,277.0361399,280.353779,278.9125343,274.2918037,268.3566323,262.0788398,255.9209986,18,2779.315575,8
0.21942613,0.2057328,0.174634055,0.158808223,0.155991895,0.156847302,0.156771354,0.156347478,0.147139856,0.148797109,0.195031174,0.193100117,8.941393263,8.932558322,9.116367275,12.31195765,20.25988434,16.82503818,11.40429604,8.698543332,7.564877886,2975,278.2696403,284.5149202,291.2176388,298.5266746,302.5934574,303.4395272,301.6940519,298.6165815,293.6636525,288.8091614,282.194985,277.9810444,253.8961148,256.908402,263.0514022,267.5447906,272.0875919,276.447953,280.0076565,278.4783977,273.9284682,268.3813903,261.8588166,255.6305361,18,2836.511739,19
0.642515474,0.655762721,0.457208669,0.200364097,0.189787059,0.187936634,0.187457888,0.187979369,0.191689947,0.202558687,0.321760539,0.602057705,4.294537267,3.31786903,3.445846702,8.009080723,15.41771578,12.8521334,4.784376994,4.106976936,4.996394879,28186,256.0433804,261.7283706,279.596458,298.7526699,305.9416935,309.7885522,306.4956707,304.0070739,298.093033,287.4588839,273.7309622,259.4551462,246.3805367,250.1248304,264.6798879,275.0825857,281.2219534,287.5900657,288.998514,285.8412559,278.5463505,270.3418144,261.5919243,250.5966618,19,530.6760563,5
0.240759323,0.223391452,0.189358883,0.186832667,0.183544029,0.180451535,0.172354367,0.168369153,0.164732672,0.168984005,0.19921052,0.224560313,7.800050167,7.008862926,6.84882063,8.304488979,11.20037477,11.11336627,9.635166993,7.758154236,7.263879208,2578,278.0108461,284.8597539,293.406963,301.0595447,305.0077121,306.5615665,306.1313767,302.4925355,296.0522494,291.0491343,284.2353288,278.2526449,253.9473531,257.6708225,263.0984232,268.2855809,272.5552102,277.9587834,281.8174124,280.0281471,275.0562412,268.8883963,262.2776601,255.5965494,19,2654.700708,5
0.270655447,0.223326903,0.202841886,0.193563885,0.183535807,0.17088346,0.170914104,0.167468542,0.171763423,0.193144572,0.195007854,0.266469799,3.330331721,2.605804723,4.002547915,12.16108483,21.55854232,16.94142688,7.659017818,3.668403287,4.47431979,9234,275.6446134,284.532102,295.1478137,304.6438654,309.841282,308.3655905,307.1584058,304.9423073,300.9685506,294.9849982,284.1207654,275.1233447,257.8615136,262.4115363,269.1647236,275.8783809,281.5865782,287.3974657,289.4222011,287.3091292,281.1966024,273.1286637,267.1789175,260.2650582,20,1410.637149,5
0.630701839,0.649498825,0.482753817,0.179934653,0.152263111,0.165709886,0.170560377,0.166158399,0.177183729,0.20582937,0.377747925,0.586966693,9.31656534,10.24117352,12.34874017,20.87739675,23.2241539,14.39977009,7.862608275,6.949112654,6.504122935,21043,261.7783033,266.293417,281.6644243,300.5976688,303.1883809,299.9603719,299.2902878,300.6776603,297.2571556,289.5481386,275.5304232,264.1201735,252.377571,254.9666755,265.9212892,273.1406579,277.2144505,280.9412416,282.7886227,281.4470684,276.5350857,270.034551,262.3799917,255.0532254,21,1914.880437,7
0.557693499,0.558612082,0.357606483,0.162078679,0.152419061,0.158132158,0.158916047,0.171317897,0.172916403,0.17722369,0.356695335,0.540220786,8.519833051,8.146213871,9.065787921,14.97275744,16.07445788,9.170881461,6.109869191,6.032635276,6.256091206,22759,263.1222819,268.6023495,282.0374801,296.9570425,302.2307542,304.171381,304.6217815,303.5923196,298.5032166,288.5178907,274.1715667,263.7053519,253.6888987,256.6164945,266.568831,273.705398,277.972073,283.0793565,285.1735852,283.3674893,277.3055582,270.6771802,263.0135731,255.8134788,21,1752.261298,7
0.258032969,0.235392909,0.200230986,0.172422857,0.170236042,0.16584478,0.159011941,0.158598326,0.15491808,0.163180528,0.22267922,0.258248623,6.549542808,5.59285929,5.863631773,8.994211207,13.37295474,10.98634846,8.926630874,7.093722241,6.767048407,3828,277.0874179,283.4806499,290.3363654,298.3908515,303.1466291,306.0796146,306.0586091,303.7296112,297.3422115,291.2180133,283.1577289,276.8301303,256.2245502,259.3547115,265.160888,270.3834782,275.3350026,280.6935673,284.0865946,282.1952231,276.6862265,270.4464432,263.9767123,257.7254052,23,2476.892771,10
0.326768422,0.285212867,0.215931233,0.204600039,0.202028926,0.200002013,0.194852765,0.192805347,0.186389357,0.191302075,0.24373902,0.304156692,4.835413998,3.827520109,3.717584877,4.617769249,5.495792975,6.699682567,6.819756385,5.733643622,6.084661592,3836,274.9313701,282.952826,291.8602711,300.1160407,305.5355443,309.6846015,310.8118435,306.1055932,299.2680296,292.0874472,283.2290088,275.0232202,257.1271478,260.8001607,266.7595127,272.5212046,277.1447307,282.8147918,285.899776,283.9454765,278.3000876,271.9170142,265.2469599,258.7012018,23,2173.806446,15
0.206429708,0.222024589,0.186573151,0.152473545,0.150697186,0.153371065,0.153822128,0.151241425,0.141592153,0.150851643,0.21699382,0.21899491,7.682603614,7.165438298,7.553574737,13.45791016,21.27577924,15.62400697,10.44289202,7.869410859,6.987206637,3396,276.7072291,282.698229,288.7177238,295.59548,299.5936709,300.791276,300.1516881,298.227919,293.893778,288.6374758,281.167365,276.4547044,256.3628326,258.9507517,264.3799146,269.4230146,273.9204153,278.8959914,282.2124133,280.7423475,275.8221293,269.9661985,263.5655025,257.7619946,23,2651.303623,19
0.357355313,0.292849329,0.226285789,0.177540353,0.173658586,0.168063222,0.163264849,0.165714335,0.160822541,0.1755889,0.285867379,0.37366132,6.121642198,5.544205158,6.125732096,11.464866,18.20822756,11.94989123,8.358383236,6.354923441,6.088859691,6418,273.2083819,280.1172949,289.8473229,298.5457778,303.7112459,304.137244,303.3732204,301.5351995,296.6866022,290.4155087,280.1804458,272.1099548,254.9404813,257.914797,264.3207351,269.485797,274.1760974,280.2326585,283.1502592,281.3610684,275.4573301,269.0638315,262.3900852,256.3623741,23,2563.294728,63
0.371671475,0.304438543,0.155046202,0.160139175,0.168082397,0.16690268,0.164566254,0.164641837,0.170672441,0.185223626,0.191792611,0.20610993,0.925081649,0.712084865,1.47501491,4.607900688,6.124287942,7.395831418,5.861724123,1.988149851,3.924517187,16115,273.3416315,280.6205897,291.9148463,301.74182,306.9784541,309.3461979,307.2510852,303.7554539,300.3320611,294.9670759,284.4202142,275.5301778,258.5626575,264.8666499,273.4439572,279.5185246,284.1165832,288.6628168,290.2406399,288.5455497,283.1713194,274.8240436,267.4086514,261.1872999,24,967.3105296,5
0.312962188,0.247897426,0.222561497,0.201594403,0.183409513,0.176170207,0.175652633,0.177556277,0.18530106,0.199985447,0.222092772,0.265574596,0.534925964,0.90671874,3.100329121,3.885878603,3.646937955,4.632091656,5.313203011,2.726323368,2.28609544,8421,275.5893756,285.3483998,297.3263359,304.2389278,308.5416218,310.9895204,311.8953504,309.0627288,304.0840761,296.6691746,285.4848955,276.4930104,258.4371376,264.0642946,272.5573058,279.3828553,284.2488522,289.5061555,291.8844958,289.660601,283.6548366,275.4150351,267.7234278,260.3062843,24,878.3833992,10
0.259949693,0.239249765,0.219538835,0.211534812,0.202317599,0.189074885,0.183589335,0.179830088,0.183901997,0.194794968,0.202431659,0.232126229,3.727344168,2.98269524,6.065042862,13.01375563,13.33255906,10.70917102,6.415348241,4.493368755,5.338866228,5937,277.71505,286.2854738,296.7127957,304.7594448,306.5782822,307.6307955,309.3970932,308.2287125,303.9189131,297.2393487,287.1453058,277.9208772,256.6477536,261.4514988,268.0885259,274.9970761,280.7280218,285.6955797,288.1518444,286.3389237,280.0454613,272.07935,265.2550724,259.2746407,26,1452.651075,7
0.206466023,0.196918928,0.170834706,0.165451101,0.162999437,0.159490642,0.155262307,0.151659978,0.147720792,0.148333221,0.166050439,0.184478221,8.910200408,8.522063276,8.668299808,11.55912724,15.91095544,14.12085779,10.8670714,8.689215446,7.551065239,2772,277.2282199,284.1848236,292.0101391,299.3589549,303.4136191,304.0303021,303.9794009,300.586758,294.936558,289.7713477,282.1825471,277.2697919,254.9659008,258.6120554,264.5081094,269.3845167,274.2549611,278.9182131,282.3147067,280.695898,275.9764115,269.8568063,263.7455672,256.7331037,26,2536.042039,8
0.270620697,0.240412741,0.181110675,0.159872289,0.157520794,0.155604593,0.152987224,0.153130131,0.146076591,0.150673831,0.237300287,0.294362046,9.353692303,9.435794613,9.746210018,12.95559079,19.41882624,16.06397734,11.6462848,8.778499382,7.415875015,2573,279.4752272,285.6267475,291.7688681,298.9303238,302.6794856,301.5681952,300.012788,297.8031359,294.1180107,289.9515974,283.6572887,279.0366535,254.6664593,257.9146002,263.9298799,268.4664784,272.7461558,277.1946662,280.4845499,278.7758551,274.7851988,269.2018233,262.9208086,256.2886957,26,2843.690589,21
0.547570479,0.539810133,0.323368599,0.158172963,0.152961357,0.155507312,0.157189185,0.164680415,0.167769059,0.179326457,0.342462361,0.522622671,8.555889032,8.164553547,8.691594205,11.79433888,11.43231118,7.892604503,6.004926752,5.959871426,6.12577277,22760,262.7598468,268.5100543,283.1435046,297.6444527,302.8705344,306.895164,308.2978348,306.3408044,299.5082413,288.3960782,273.8340939,263.3665692,252.6290984,256.4020931,267.0151091,274.1239311,278.6872771,284.1402488,286.1011295,284.117534,277.825699,270.7569993,262.6099993,255.0489042,29,1629.383988,16
0.258297746,0.228649338,0.182606635,0.175484005,0.171705416,0.170828633,0.168349396,0.164500495,0.159330539,0.160779555,0.188773415,0.243275913,7.150790454,6.843464315,11.53066545,18.5169368,13.2849457,11.62554256,9.57334986,7.038156646,5.7557246,4513,278.469286,285.8088422,293.7432673,299.903169,300.386955,301.7702519,306.7646239,305.750386,299.7909813,293.5154748,284.6424804,277.9782853,258.7453166,263.0578176,269.2871166,275.3320989,280.1298795,284.983068,287.5807796,286.0111753,280.4273907,273.6694362,267.4561829,260.8053888,30,1857.722934,7
0.209177539,0.216586243,0.185118565,0.161918853,0.155771101,0.156686612,0.157695087,0.157921888,0.14880275,0.160545597,0.234865249,0.214156007,8.558140974,8.278567504,8.463032278,12.17525087,20.41877037,16.35094763,10.98968425,8.395391036,7.215946431,3395,277.5102251,283.3923048,288.8720947,295.8182771,300.4393608,301.9518013,300.4097781,297.9063447,293.681019,288.75746,281.3872611,277.3195018,255.5520133,258.0815016,263.4899192,268.3980236,272.7362639,277.4801426,281.1234605,279.5232775,274.8583077,269.107453,262.6949527,256.825466,31,2761.104311,7
0.664343773,0.686613898,0.513998761,0.211808587,0.188191937,0.181086268,0.176527317,0.175812175,0.181029343,0.199067831,0.431765733,0.638347803,4.981025282,3.942589608,4.785272377,12.14405566,23.21570709,17.98238577,4.862575859,4.372571927,5.00071723,28473,257.4940754,262.1326485,277.8080866,298.1880391,305.9690406,308.5921916,304.6310005,302.7249731,297.826724,286.5285218,271.1958186,259.8287285,250.8688786,253.2835019,264.8390515,273.9811221,280.1901644,286.7672974,288.226917,285.4001739,279.025799,271.5439404,262.4505821,254.59554,31,572.5821663,9
0.630141476,0.650179353,0.408864521,0.199989938,0.190901098,0.18708591,0.186217503,0.183948771,0.189523135,0.196868243,0.289302737,0.57753826,4.306681018,3.219234543,2.976728093,7.973171283,15.72578326,10.79636271,3.806105696,4.06002226,5.093218615,28021,256.3759733,262.2938933,281.4649931,299.5736878,306.1409853,309.3032545,306.2823222,305.1634055,298.9481913,287.4352022,274.3212922,259.5083238,246.700553,250.1720093,265.1535831,275.3321284,281.4492532,287.9499478,288.9732822,286.185821,279.0400737,270.7864794,262.3408884,251.4783012,34,537.1352891,7
0.220346985,0.207628408,0.182664879,0.160038878,0.158147111,0.157127463,0.152221249,0.150184847,0.144190634,0.154931595,0.218929252,0.230558174,6.698739329,5.860787517,6.102880004,9.825389272,15.28263329,12.28179061,9.279676279,7.283470375,6.818008585,3612,276.9669616,283.3546717,289.7727472,296.7953775,301.9766326,304.1404988,303.2400975,300.646607,295.779531,290.1021877,281.9289493,276.441692,255.1355506,258.1969925,263.8813951,268.999681,273.4708386,278.8534176,282.3234877,280.4878278,275.2431409,269.1770501,262.7007733,256.6725032,35,2637.733205,5
0.726697282,0.731785173,0.472336295,0.122753245,0.130963051,0.164201592,0.168377769,0.164372635,0.175423927,0.174102178,0.38724322,0.681361978,7.203367951,8.11783512,12.56325834,26.15953229,27.53918947,13.63104455,6.370777416,5.547114795,5.765534617,22180,262.7487666,267.1891335,283.7220673,302.1566664,303.6986491,300.1818116,299.7526093,301.3182274,298.8095641,291.2420823,277.5442382,265.0660722,251.5448207,254.3231905,266.4507235,273.5601856,277.3425318,280.9647289,283.0632807,281.9649538,277.0964903,270.6343265,262.2828244,253.9056753,35,1865.495059,7
0.589320152,0.595980845,0.407674183,0.154970161,0.160673194,0.163556739,0.164059669,0.170417763,0.168994424,0.166833225,0.335075672,0.555259762,5.488237401,4.797067355,7.205548819,18.1612079,18.24390581,6.918845743,3.855523512,4.06528072,5.208113667,23288,261.434882,266.9429411,280.9433372,298.8221645,303.3722609,303.0531703,303.4000435,304.2719631,299.2937493,288.7780664,273.4714396,262.5663594,252.8942598,255.9847657,266.8874239,274.4539924,278.9740393,284.7060172,286.3912043,284.3889941,278.1166998,271.4029435,263.6010117,255.1838586,35,1515.846642,14
0.634967226,0.653442247,0.425244271,0.200700916,0.190536524,0.186733698,0.184862919,0.183346435,0.190039581,0.199730679,0.303549247,0.583923689,4.314489411,3.239899825,3.088203082,7.776881856,15.92846218,10.57876458,3.684743249,4.045340069,5.030610353,28022,256.3468327,262.2081204,280.974192,299.601552,306.3009217,309.3951848,305.9690208,305.0816161,299.1602061,287.5593589,274.119934,259.2786546,246.8207517,250.2995901,265.1162522,275.13345,281.1942667,287.7268135,288.6561276,285.8918086,278.7007343,270.6499091,262.230995,251.3471937,36,550.4227795,10
0.340854824,0.276671835,0.219849639,0.177360806,0.174057206,0.170645647,0.16493477,0.168046656,0.165411145,0.174226492,0.265844918,0.354537794,6.206652083,5.57817327,6.194803921,11.82428029,17.91428571,11.57365192,8.204683997,6.405209877,6.071633905,6419,274.0967623,281.1911506,290.7450605,298.843134,303.5409143,303.1319991,302.6363588,301.2791644,296.9446553,290.8723245,280.9457937,273.387561,255.3648769,258.3972077,264.6642312,270.0355671,274.7617348,280.8001007,283.6423656,281.8088556,275.8912256,269.460613,262.8308623,256.8650037,36,2461.393166,22
0.25790209,0.248493945,0.19611553,0.158255455,0.1584211,0.160730557,0.158826855,0.155579648,0.145061706,0.152411845,0.246291752,0.281773243,7.808881214,7.321451367,7.709298869,12.8734002,20.91989178,14.76753891,10.29333131,8.009773446,7.009471975,3609,276.2306114,282.5035816,288.8756358,296.5554277,300.8013474,302.5700772,301.4482129,299.5295633,294.7552365,289.3605439,281.0727586,275.5211382,255.402022,258.500492,264.4219595,269.2882119,274.1797545,279.0244079,282.5412724,280.8173975,275.6141836,269.4839859,262.8049021,256.7380778,39,2636.388247,6
0.237442619,0.210228359,0.188898055,0.187205591,0.185663881,0.181603699,0.169983149,0.166019418,0.162645455,0.169078525,0.200833106,0.223654622,8.634846715,8.241416882,8.330820781,9.814418574,12.56840642,12.69594897,10.71695652,8.482265677,7.382415755,2773,278.2236023,285.9476803,294.2552279,301.8035077,305.6783012,307.3814887,306.5822898,302.3618596,296.3508596,291.2053724,283.9241871,278.222476,253.8840012,257.7923376,263.4675802,268.6898216,272.7465463,277.7036044,281.8423714,280.2346583,275.1797957,269.0281581,262.4203702,255.4582889,41,2612.582694,6
0.233749162,0.233235585,0.193081222,0.154163017,0.15162048,0.15170455,0.150483414,0.145677234,0.13842888,0.144383967,0.226531676,0.240794619,9.529188506,10.02503314,10.72390468,14.42691383,20.6989067,16.08980781,12.01638341,8.859664404,7.268113444,3823,276.9357857,282.2789657,288.1896095,295.4182779,299.8664441,301.1071436,300.57849,298.8738146,294.1060181,289.0141822,281.2889275,276.5118034,256.1304531,259.0832569,264.8769289,269.7227309,274.4068737,279.243356,282.8003006,281.0606815,275.9807784,269.9583447,264.0027976,257.7733788,41,2535.512913,21
0.274604012,0.238631823,0.214091533,0.203301341,0.194155914,0.184053532,0.179755044,0.178472606,0.182483896,0.200598178,0.211739376,0.258407668,1.824513338,1.392400672,2.510255084,6.998714176,9.112222212,8.618294054,4.696930556,2.105106492,3.75869782,12532,273.8307098,282.897287,294.3062125,304.4773568,309.8195349,311.2498051,311.494053,309.3568148,303.9643872,296.1208676,283.8995207,274.0097713,256.2012945,261.8959888,269.0754478,275.8004111,280.9982387,286.9706868,289.2515266,286.847009,280.0964842,271.7152329,265.3374165,258.3318966,42,1259.269256,5
0.344843064,0.297407677,0.224052472,0.187606848,0.178762558,0.177463941,0.17140524,0.170641061,0.172436734,0.187185815,0.288040033,0.364382058,6.904505529,6.358388116,6.201687498,9.452243904,17.59329957,13.47172958,8.5983223,6.598455482,6.433582856,6170,274.9777839,281.4303769,290.0106922,297.0686001,302.6658884,304.2161459,302.6643045,300.015953,295.7173385,290.5607691,281.3584834,274.428069,253.0440415,256.0534883,262.4728848,267.8132962,271.9023095,278.0030474,281.6350127,279.960382,273.9925948,267.3267736,260.5605363,254.5382221,53,2599.12733,5
0.32992413,0.327935408,0.240446305,0.176386657,0.1509133,0.16208469,0.178003052,0.172348567,0.170417212,0.195061154,0.287732508,0.348624928,7.938147214,7.846755014,8.337993013,13.74630321,24.60976864,19.1022396,9.95759671,7.468858758,6.794139503,5917,274.6651204,281.0160027,289.4270107,296.8711293,303.0438173,301.9661649,297.4694063,295.1113001,293.1882473,288.9653915,280.2221287,274.1022269,253.3607411,256.1834727,262.8409213,267.695652,272.0165007,277.8419553,280.7477184,279.1968623,274.0506867,267.2640585,261.0029342,254.9292797,61,2763.259748,8
